,Unnamed: 0,Hotel_Name,lat,lng,transit_count,Review_Count
0,0,Hotel Arena,52.36057589999999,4.9159682999999985,10,405
1,405,K K Hotel George,51.49188779999999,-0.1949706,17,566
2,971,Apex Temple Court Hotel,51.5137335,-0.1087512,20,1037
3,2008,The Park Grand London Paddington,51.5142184,-0.1809032,15,1770
4,3778,Monhotel Lounge SPA,48.87434810000001,2.2897334,20,35
5,3813,Kube Hotel Ice Bar,48.88657,2.3588332000000003,20,19
6,3832,The Principal London,51.5226217,-0.1251602,13,1425
7,5257,Park Plaza County Hall London,51.5014001,-0.1160092,20,2223
8,7480,One Aldwych,51.5117832,-0.1194172,20,136
9,7616,Splendid Etoile,48.874707,2.2936761000000003,20,127
10,7743,Hotel Trianon Rive Gauche,48.8487675,2.3410376,20,218
11,7961,InterContinental London Park Lane,51.50386320000001,-0.1504132,20,160
12,8121,Novotel Suites Paris Nord 18 me,48.9015941,2.3597783,14,180
13,8301,Grand Royale London Hyde Park,51.5109945,-0.18634170000000005,18,2958
14,11259,Milestone Hotel Kensington,51.5020425,-0.1866541,15,86
15,11345,Crowne Plaza London Kings Cross,51.5263854,-0.1136042,20,1007
16,12352,Select Hotel,48.84830529999999,2.3425596,20,256
17,12608,H tel De Vend me,48.8668564,2.3286339,12,89
18,12697,Pullman Paris Centre Bercy,48.8315204,2.3870797,17,224
19,12921,Gardette Park Hotel,48.8610265,2.3788974,20,179
20,13100,Hotel Panache,48.87325429999999,2.343239,20,82
21,13182,H tel des Ducs D Anjou,48.8598229,2.347111,20,108
22,13290,Hotel Scribe Paris Opera by Sofitel,48.8704175,2.3296832000000003,20,135
23,13425,Novotel London West,51.4919588,-0.2200956,20,1283
24,14708,Haymarket Hotel,51.5084595,-0.1311382,20,121
25,14829,Intercontinental London The O2,51.5024348,-0.0002497,7,2551
26,17380,H tel Juliana Paris,48.8619373,2.3040298,20,169
27,17549,Hotel L Antoine,48.85242150000001,2.3743832,20,171
28,17720,Belfast,48.8756435,2.2938788,20,86
29,17806,Shangri La Hotel Paris,48.8637135,2.2934759,20,46
30,17852,Mercure Paris Tour Eiffel Pont Mirabeau,48.8460269,2.2788281,19,70
31,17922,Knightsbridge Hotel,51.4980052,-0.1643238,11,173
32,18095,The London EDITION,51.5167472,-0.135965,13,141
33,18236,The Cranley Hotel,51.4916378,-0.1832833,20,160
34,18396,Hotel Le 10 BIS,48.8780363,2.2864907000000003,20,49
35,18445,The Nadler Soho,51.5147387,-0.1341108,15,491
36,18936,Grange St Paul s Hotel,51.5127625,-0.0997157,20,1154
37,20090,The Ampersand Hotel,51.49430770000001,-0.1755579,20,382
38,20472,Covent Garden Hotel,51.51459860000001,-0.1270336,20,74
39,20546,The Nadler Victoria,51.4990259,-0.1427453,20,601
40,21147,Novotel London Tower Bridge,51.51065379999999,-0.07736760000000001,20,389
41,21536,Crowne Plaza Paris R publique,48.8673199,2.3656296,20,212
42,21748,Le Metropolitan a Tribute Portfolio Hotel,48.8656973,2.2829776,18,66
43,21814,Atala Champs Elys es,48.8735418,2.302442,17,29
44,21843,H tel de Jos phine BONAPARTE,48.8555319,2.3621212000000003,15,76
45,21919,Maison Souquet,48.88366,2.3313845,20,91
46,22010,Hotel Tour d Auvergne Opera,48.8789432,2.3448623,19,25
47,22035,Le Senat,48.8491427,2.3397118,20,120
48,22155,Windsor Opera,48.8734851,2.3485111,8,34
49,22189,Holiday Inn Paris Montparnasse Pasteur,48.8376887,2.3063102000000004,20,37
50,22226,H tel Keppler,48.8699103,2.2973386,20,95
51,22321,Les Plumes Hotel,48.8766269,2.3432886,20,113
52,22434,Hotel des Tuileries Relais du Silence,48.8661705,2.331561,18,91
53,22525,Bradford Elys es Astotel,48.8729676,2.3081178,20,82
54,22607,W London Leicester Square,51.510843,-0.1314287,20,267
55,22874,The Victoria,51.4611219,-0.2756216,2,162
56,23036,Pullman London St Pancras,51.5286766,-0.12834890000000002,20,1242
57,24278,Crowne Plaza London Kensington,51.495179,-0.183827,20,305
58,24583,Doubletree by Hilton London Kensington,51.4925138,-0.17879170000000005,20,1009
59,25592,Ace Hotel London Shoreditch,51.5254162,-0.07728489999999999,20,514
60,26106,Staybridge Suites London Vauxhall,51.4891226,-0.1205639,15,244
61,26350,The Grosvenor,51.4956657,-0.1452793,20,1517
62,27867,The Park Tower Knightsbridge a Luxury Collection Hotel,51.5014191,-0.16258050000000002,14,275
63,28142,Amp re,48.8848583,2.2997023,20,172
64,28314,Melia Paris Champs Elys es,48.86889620000001,2.2827459,13,15
65,28329,Le Parisis Paris Tour Eiffel,48.8494851,2.2955063,16,428
66,28757,Thistle Kensington Gardens,51.51084390000001,-0.1839074,15,862
67,29619,Park Plaza Sherlock Holmes London,51.5209191,-0.1566567,20,592
68,30211,Hilton Paris Opera,48.8756604,2.3252075,20,109
69,30320,The Kensington Hotel,51.4925478,-0.1780611,20,333
70,30653,Holiday Inn London Stratford City,51.5426054,-0.0072708,20,994
71,31647,Staybridge Suites London Stratford,51.54263510000001,-0.007327199999999998,20,490
72,32137,Shepherd s Bush Boutique Hotel,51.5054544,-0.2262216,20,531
73,32668,My Bloomsbury,51.5188555,-0.1319172,16,463
74,33131,Holiday Inn Paris Gare de Lyon Bastille,48.8468064,2.3714789,20,395
75,33526,H tel Chaplain Paris Rive Gauche,48.8427564,2.3305636,20,133
76,33659,H tel Regina Op ra Grands Boulevards,48.8708508,2.3515882,12,44
77,33703,11 Cadogan Gardens,51.4936161,-0.15923470000000006,19,159
78,33862,The Wellesley Knightsbridge a Luxury Collection Hotel London,51.502485,-0.15392650000000002,18,77
79,33939,Hotel Astor Saint Honor ,48.87283239999999,2.3193886000000004,20,24
80,33963,Op ra Marigny,48.871723,2.3235377,20,115
81,34078,H tel Diva Opera,48.8732706,2.3450746,20,233
82,34311,Le Marcel,48.8761376,2.3572681,20,72
83,34383,H tel Duo,48.8581186,2.3529369,20,221
84,34604,H tel Le Marianne,48.8725794,2.3075779,20,56
85,34660,The Rembrandt,51.4959227,-0.17029170000000002,20,712
86,35372,Hotel Eden,48.8405612,2.2991035,20,70
87,35442,H tel de la Bourdonnais,48.8550466,2.304583,20,362
88,35804,Ashburn Hotel,51.49455220000001,-0.1861213,12,239
89,36043,Marlin Waterloo,51.4990953,-0.1132136,20,84
90,36127,Best Western Premier Marais Grands Boulevards,48.8687425,2.3541761,16,232
91,36359,Novotel London Waterloo,51.4948465,-0.1187481,14,287
92,36646,The Athenaeum,51.504716,-0.1475618,17,189
93,36835,Park International Hotel,51.4945144,-0.1866172,12,502
94,37337,Lansbury Heritage Hotel,51.5090985,-0.015730200000000003,20,40
95,37377,Le Dokhan s a Tribute Portfolio Hotel,48.8663359,2.2867935,20,68
96,37445,Le Relais Madeleine,48.870961,2.3267678,20,87
97,37532,Terrass H tel Montmartre by MH,48.8865626,2.3329648,20,201
98,37733,Millennium Hotel Paris Opera,48.8724588,2.3378004,20,125
99,37858,Waldorf Madeleine,48.8715828,2.3224853,20,281
100,38139,Batty Langley s,51.5208575,-0.0779503,20,345
101,38484,Best Western Mornington Hotel Hyde Park,51.51199329999999,-0.17827939999999998,11,824
102,39308,Arbor City,51.5166755,-0.0697897,20,781
103,40089,Hotel La Lanterne,48.8489839,2.348383,20,96
104,40185,H tel Square Louvois,48.8684165,2.336869,20,72
105,40257,Hotel Marignan Champs Elys es,48.8685093,2.3067895,20,162
106,40419,Le Grey Hotel,48.881407,2.3274204,20,76
107,40495,Le Pavillon des Lettres,48.8713699,2.3181191,17,40
108,40535,H tel San R gis,48.86657879999999,2.3084447,20,74
109,40609,Garden Elys e,48.8663444,2.2881979,20,75
110,40684,Hotel Louvre Montana,48.8644627,2.3318473,20,66
111,40750,Ambassadors Bloomsbury,51.5266618,-0.12965710000000005,20,768
112,41518,Le 123 S bastopol Astotel,48.8675886,2.3531018,18,130
113,41648,Le 123 Elysees Astotel,48.8730823,2.309659,20,53
114,41701,The Bryson Hotel,51.5220869,-0.1082443,20,130
115,41831,Best Western Mercedes Arc de Triomphe,48.8848292,2.3035189,20,58
116,41889,London Marriott Hotel Regents Park,51.5421476,-0.1703073,15,752
117,42641,Hilton London Hyde Park,51.51046,-0.1875844,17,259
118,42900,Staunton Hotel B B,51.520378,-0.1303414,14,248
119,43148,1K Hotel,48.8639318,2.3658744,20,148
120,43296,H tel Westminster,48.8693409,2.3310263,20,313
121,43609,L H tel,48.856227200000006,2.3351758,20,79
122,43688,Mercure Paris Porte d Orleans,48.8178079,2.3293636,11,10
123,43698,Maxim Op ra,48.8738557,2.3444232000000005,20,35
124,43733,Le Marceau Bastille,48.8490691,2.3697484,12,150
125,43883,Hotel Odeon Saint Germain,48.8513515,2.3375084,20,167
126,44050,Mercure London Bloomsbury Hotel,51.5210085,-0.1230966,20,602
127,44652,The Chamberlain,51.51224570000001,-0.0757326,20,969
128,45621,Radisson Blu Edwardian Grafton,51.5241386,-0.1380807,20,1354
129,46975,La Villa Haussmann,48.8753446,2.3167161,20,41
130,47016,London Marriott Hotel Marble Arch,51.5163841,-0.16357639999999998,17,480
131,47496,Saint Georges Hotel,51.517839,-0.1424476,20,728
132,48224,Park Grand London Lancaster Gate,51.51320689999999,-0.1807816,11,556
133,48780,The Henrietta Hotel,51.5109079,-0.1238221,20,27
134,48807,Sofitel Paris Arc De Triomphe,48.8751845,2.3013214,20,194
135,49001,Hotel Mercure La Sorbonne Saint Germain des Pr s,48.8493499,2.3430569,20,80
136,49081,La Tremoille Paris,48.8668589,2.3028215,20,76
137,49157,Hotel Op ra Richepanse,48.8686931,2.325211,19,242
138,49399,H tel Duc De St Simon,48.8560685,2.3236846,20,115
139,49514,Hotel Le Six,48.8438352,2.3280708,20,63
140,49577,The Bailey s Hotel London,51.4938733,-0.1824963,20,1018
141,50595,London Marriott Hotel Park Lane,51.5131428,-0.1576714,20,78
142,50673,Best Western Premier Louvre Saint Honor ,48.861711,2.3406740000000004,20,205
143,50878,Hotel Indigo London Tower Hill,51.5128032,-0.07586,20,346
144,51224,Windermere Hotel,51.4903724,-0.1459218,20,95
145,51319,La Villa Maillot,48.875551,2.2835191000000004,20,77
146,51396,H tel Madison by MH,48.8531641,2.3344097,20,101
147,51497,Mercure London Paddington Hotel,51.51611389999999,-0.1749521,14,634
148,52131,Hilton London Paddington,51.515632,-0.17573699999999998,14,1167
149,53298,London Marriott Hotel Kensington,51.4944849,-0.1884174,9,189
150,53487,Kensington House Hotel,51.5012329,-0.1859937,17,269
151,53756,Charlotte Street Hotel,51.5184158,-0.1348509,13,141
152,53897,The Goring,51.4975621,-0.145551,20,102
153,53999,Novotel Paris 14 Porte d Orl ans,48.8196885,2.3263505,20,27
154,54026,The Pelham Starhotels Collezione,51.4943935,-0.17501689999999998,20,277
155,54303,The Montague On The Gardens,51.520181,-0.1256957,20,414
156,54717,Ritz Paris,48.8679466,2.3289593,17,28
157,54745,Hotel Les Rives de Notre Dame,48.8532269,2.3457159,20,72
158,54817,Sofitel Paris Le Faubourg,48.868414,2.3213247000000004,18,137
159,54954,Bassano,48.8690596,2.2971078,15,100
160,55054,Best Western Premier Le Swann,48.8797331,2.3206003,20,91
161,55145,H tel des Academies et des Arts,48.8420669,2.3304091,20,50
162,55195,Hotel Lumen Paris Louvre,48.86525820000001,2.3329632,20,70
163,55265,Le Marquis Eiffel,48.8516619,2.2979395,20,121
164,55386,COQ Hotel Paris,48.8328764,2.3572531000000003,20,258
165,55644,Mill sime H tel,48.8550236,2.3350786,20,167
166,55811,The Leonard Hotel,51.5147071,-0.15782910000000006,20,435
167,56246,DoubleTree by Hilton London Hyde Park,51.5100362,-0.190657,16,945
168,57191,The Ritz London,51.5069446,-0.1415776,14,406
169,57597,M by Montcalm Shoreditch London Tech City,51.5278465,-0.0889473,20,2155
170,59752,Legend Saint Germain by Elegancia,48.8453774,2.3256427000000004,20,78
171,59830,Clayton Crown Hotel London,51.5561548,-0.2141824,20,1079
172,60909,Au Manoir Saint Germain,48.853688,2.3322667,20,166
173,61075,St Paul s Hotel,51.493475200000006,-0.2153256,13,381
174,61456,Best Western S vres Montparnasse,48.843707,2.3155631000000003,20,188
175,61644,The Bloomsbury Hotel,51.5171671,-0.12905339999999998,20,539
176,62183,Nolinski Paris,48.8654874,2.3348924,20,113
177,62296,Le Tourville Eiffel,48.85426810000001,2.3078116,20,140
178,62436,Paris Marriott Opera Ambassador Hotel,48.8728351,2.3362507000000003,20,66
179,62502,Hotel Indigo London Paddington,51.5150534,-0.1739974,18,268
180,62770,Idol Hotel,48.8795369,2.3202966,20,104
181,62874,H tel California Champs Elys es,48.8726335,2.3048084,20,275
182,63149,Hotel de Seze,48.870574100000006,2.3264194,20,80
183,63229,Number Sixteen,51.4930905,-0.17550220000000002,20,87
184,63316,Hotel Xenia Autograph Collection,51.4946905,-0.1910197,10,296
185,63612,H tel Hor,48.8793427,2.3577745,20,330
186,63942,Britannia International Hotel Canary Wharf,51.5019097,-0.0232208,20,4789
187,68731,Best Western Op ra Batignolles,48.8870573,2.3143297,20,101
188,68832,H tel de Banville,48.88646729999999,2.2948911,20,104
189,68936,Villa Eugenie,48.8871283,2.314205,20,62
190,68998,Hilton London Euston,51.5265189,-0.13036889999999998,20,470
191,69468,Egerton House,51.4968406,-0.16754979999999994,12,76
192,69544,Millennium Hotel London Knightsbridge,51.4999683,-0.15999270000000002,17,1007
193,70551,H tel Raphael,48.8713239,2.2937849,20,78
194,70629,Le 7 Eiffel Hotel,48.8585193,2.3077243,20,76
195,70705,Paris Marriott Rive Gauche Hotel,48.83159620000001,2.3399796000000004,12,46
196,70751,Hotel La Place,51.52152570000001,-0.1533039,16,125
197,70876,Hotel Le Pera,48.871309,2.3277079,20,22
198,70898,H tel Bedford,48.8720593,2.3236802000000005,20,376
199,71274,Drawing Hotel,48.8644382,2.3359148,20,14
200,71288,Novotel Paris Centre Gare Montparnasse,48.838484,2.3150904,18,247
201,71535,D clic Hotel,48.8908018,2.3380204,20,59
202,71594,Villa d Estr es,48.8535089,2.3425787,20,29
203,71623,Bulgari Hotel London,51.5015721,-0.1628511,14,37
204,71660,Novotel London Greenwich,51.4778583,-0.0137463,16,504
205,72164,Park Avenue Baker Street,51.52414520000001,-0.1609907,20,851
206,73015,Hotel Plaza Elys es,48.8746128,2.3056956000000004,20,105
207,73120,Hotel Champs Elys es Friedland by Happyculture,48.8750848,2.3048372,19,105
208,73225,Malmaison London,51.520943,-0.1004581,20,763
209,73988,The Park City Grand Plaza Kensington Hotel,51.4954976,-0.1893691,7,235
210,74223,Park Plaza London Riverbank,51.4913737,-0.1214194,20,2167
211,76390,Pullman Paris Tour Eiffel,48.8555664,2.2926243,20,846
212,77236,Danubius Hotel Regents Park,51.529257,-0.16835799999999998,17,593
213,77829,Hotel Bachaumont,48.8663208,2.3450399,20,156
214,77985,Franklin Roosevelt,48.8678432,2.3033075000000003,20,88
215,78073,H tel Horset Op ra Best Western Premier Collection,48.8691686,2.3337818,20,199
216,78272,Best Western Paris Gare Saint Lazare,48.8803752,2.319591,20,78
217,78350,Splendide Royal Paris,48.87096270000001,2.3154141,17,16
218,78366,The Rockwell,51.4948059,-0.1926525,13,552
219,78918,The LaLit London,51.5032524,-0.078179,16,62
220,78980,Mercure Paris Alesia,48.8237487,2.324056,20,74
221,79054,Courthouse Hotel London,51.5143624,-0.1394483,20,867
222,79921,Best Western The Boltons Hotel London Kensington,51.4907493,-0.1934627,15,549
223,80470,Radisson Blu Edwardian Sussex,51.5144381,-0.15583370000000002,20,573
224,81043,Hotel The Peninsula Paris,48.8710605,2.2933537,20,58
225,81101,Le Narcisse Blanc Spa,48.8605125,2.3106533,20,57
226,81158,The Pillar Hotel,51.583236,-0.216868,12,101
227,81259,Crowne Plaza London The City,51.5122429,-0.1045036,20,214
228,81473,H tel Les Dames du Panth on,48.845743,2.34493,20,70
229,81543,H tel Victor Hugo Paris Kl ber,48.8690198,2.2891278,20,48
230,81591,Grand Hotel Saint Michel,48.8478399,2.342254,20,155
231,81746,Hotel Maison Ath n e,48.8713421,2.3280723,20,91
232,81837,Relais Du Louvre,48.8592264,2.340996,20,88
233,81925,Pullman Paris Montparnasse,48.8382943,2.3210421,20,266
234,82191,Best Western Ducs de Bourgogne,48.8603483,2.3440535,20,142
235,82333,Best Western Premier Op ra Opal,48.8722588,2.3257608,20,141
236,82474,Amarante Champs Elys es,48.8717649,2.2983855,20,102
237,82576,The Gore Hotel Starhotels Collezione,51.5001979,-0.17953570000000002,20,521
238,83097,The Hoxton Holborn,51.5172398,-0.1220324,20,755
239,83852,Mercure London Kensington Hotel,51.4950098,-0.1906195,11,442
240,84294,Royal Garden Hotel,51.50270220000001,-0.1882164,16,874
241,85168,Boundary Rooms Suites,51.5244224,-0.0764614,20,12
242,85180,H tel Ad le Jules,48.87210620000001,2.3451384,12,89
243,85269,Grange White Hall Hotel,51.5203469,-0.12608930000000002,20,210
244,85479,Hilton London Bankside,51.5056956,-0.101525,20,893
245,86372,DoubleTree by Hilton London Ealing,51.511521,-0.290706,10,680
246,87052,Molitor Paris MGallery by Sofitel,48.8448902,2.2528330000000003,15,73
247,87125,First Hotel Paris Tour Eiffel,48.8475112,2.3022198,13,72
248,87197,DoubleTree by Hilton London Victoria,51.49398,-0.143372,20,1063
249,88260,St Ermin s Hotel Autograph Collection,51.498905,-0.13390929999999998,17,384
250,88644,Montagu Place Hotel,51.5191009,-0.1592,19,111
251,88755,H tel Regina,48.8637503,2.3320406000000005,20,372
252,89127,Mercure Paris Gare De Lyon TGV,48.8442949,2.3730938,20,411
253,89538,Villa Montparnasse,48.8349272,2.3295913,20,52
254,89590,H tel des Champs Elys es,48.8722884,2.3090359,20,183
255,89773,Lyric H tel Paris,48.8690126,2.3368708,20,97
256,89870,Hotel Design Secret de Paris,48.8814056,2.3282568,20,93
257,89963,Hotel Dupond Smith,48.857898,2.3571978,16,23
258,89986,Okko Hotels Paris Porte De Versailles,48.8327729,2.2787597,13,43
259,90029,La Villa Royale,48.8821595,2.3367444,20,76
260,90105,Hotel Indigo Paris Opera,48.8704371,2.329236,20,115
261,90220,Villa Opera Drouot,48.8732231,2.3436097,20,96
262,90316,Novotel Paris Gare De Lyon,48.8453785,2.3753036,20,566
263,90882,H tel Belloy Saint Germain By Happyculture,48.8503901,2.3422527,20,82
264,90964,Hotel Louis 2,48.8516148,2.3381293,20,55
265,91019,InterContinental Paris Le Grand,48.8708391,2.3303651000000003,20,150
266,91169,The Trafalgar Hilton,51.507374,-0.129135,20,363
267,91532,Park Lane Mews Hotel,51.5059334,-0.1489418,13,1057
268,92589,Old Ship Inn Hackney,51.5458476,-0.0554113,20,140
269,92729,The Drayton Court Hotel,51.5141842,-0.31929250000000003,20,391
270,93120,The Montcalm Marble Arch,51.51505220000001,-0.15923900000000002,20,1061
271,94181,The Colonnade,51.5243286,-0.1846623,8,201
272,94382,The Royal Horseguards,51.5054185,-0.1241499,20,974
273,95356,Grange Fitzrovia Hotel,51.521759,-0.1425381,17,455
274,95811,H tel Le M,48.8397623,2.3235324,20,131
275,95942,The Hari London,51.4973203,-0.1562558,8,235
276,96177,citizenM London Bankside,51.5051507,-0.1004724,20,1517
277,97694,Radisson Blu Edwardian Mercer Street,51.5139275,-0.1271506,20,767
278,98461,Twenty Nevern Square Hotel,51.4915712,-0.1963192,17,776
279,99237,The Abbey Court Notting Hill,51.5101401,-0.1968951,20,90
280,99327,Seven Hotel,48.8389823,2.3455528,18,48
281,99375,Platine Hotel Spa,48.8473459,2.2832408,17,113
282,99488,Mercure Paris Gare Montparnasse,,,-,37
283,99525,Mercure Paris Notre Dame Saint Germain des Pr s,48.8503074,2.3450612,20,75
284,99600,Mercure Paris Centre Tour Eiffel,48.8548641,2.2923181,20,771
285,100371,Banke H tel,48.8735736,2.3359650000000003,20,159
286,100530,Mondrian London,51.5084036,-0.1067988,20,1593
287,102123,Karma Sanctum Soho Hotel,51.5116049,-0.1383145,20,193
288,102316,NH London Kensington,51.4948507,-0.1945544,14,225
289,102541,Saint James Albany Paris Hotel Spa,48.8642689,2.3308179,15,700
290,103241,Mercure Paris Montparnasse Raspail,48.8412131,2.3302954,18,79
291,103320,Golden Tulip Bercy Gare de Lyon 209,48.8393229,2.3892274,19,168
292,103488,Montfleuri,48.8747153,2.2906388,20,228
293,103716,Simply Rooms Suites,51.4944875,-0.2070605,14,115
294,103831,Mercure Paris Pigalle Sacre Coeur,48.8823398,2.3364764,20,65
295,103896,The Academy,51.5205441,-0.1308091,12,258
296,104154,Le Meridien Piccadilly,51.5094835,-0.13625379999999998,20,260
297,104414,Mercure Paris Terminus Nord,48.8794843,2.3556545,20,1459
298,105873,H tel F licien by Elegancia,48.8493082,2.2743626,20,66
299,105939,Le Lavoisier,48.8737702,2.3201063,20,12
300,105951,H tel Moli re,48.86552929999999,2.3360102000000005,20,124
301,106075,Vice Versa,48.8363819,2.2897793,18,59
302,106134,The Kings Head Hotel,51.5079153,-0.2730145,12,86
303,106220,H tel Etoile Saint Honor by Happyculture,48.8756508,2.3041568,20,152
304,106372,Hotel Le petit Paris,48.8452789,2.342295,20,57
305,106429,Mercure Paris 19 Philharmonie La Villette,48.8886969,2.3945403,20,54
306,106483,Royal Garden Champs Elysees,48.87571550000001,2.3038781000000004,20,202
307,106685,H tel Brighton Esprit de France,48.8649306,2.3290844,7,284
308,106969,H tel Paris Bastille Boutet MGallery by Sofitel,48.8519215,2.3839993,20,63
309,107032,Montcalm Royal London House City of London,51.5218066,-0.0856081,19,715
310,107747,Conrad London St James,51.4993927,-0.1329128,17,358
311,108105,L Edmond H tel,48.8823111,2.3132374,20,20
312,108125,Novotel Suites Paris Montreuil Vincennes,48.8554268,2.4152555,19,192
313,108317,London Marriott Hotel West India Quay,51.5072713,-0.0211213,18,1481
314,109798,London Hilton on Park Lane,51.5055513,-0.1501698,20,331
315,110129,Radisson Blu Portman Hotel London,51.5161911,-0.1579487,20,868
316,110997,H tel France d Antin Op ra,48.8692566,2.3339369,20,30
317,111027,Hotel Stendhal Place Vend me Paris MGallery by Sofitel,48.8681455,2.3313064,20,29
318,111056,H tel De Buci by MH,48.8538752,2.3366123,20,58
319,111114,Hotel Parc Saint Severin Esprit de France,48.8518584,2.3447798,20,162
320,111276,Hotel Chavanel,48.8721692,2.3262681,20,14
321,111290,The Portobello Hotel,51.512257,-0.2034244,15,99
322,111389,Royal Saint Honore,48.8658792,2.3298903,12,136
323,111525,Landmark London,51.519016,-0.166267,20,405
324,111930,Hilton London Metropole,51.5195688,-0.170521,20,2628
325,114558,Best Western Seraphine Kensington Olympia,51.4992791,-0.1973593,16,374
326,114932,Portobello House,51.5199224,-0.2116636,17,131
327,115063,Le Meurice,48.8653685,2.328218,6,40
328,115103,Maison Albar Hotel Paris C line,48.8606187,2.344401,20,62
329,115165,Henry VIII,51.51246550000001,-0.182274,11,1107
330,116272,Goodenough Club,51.525535,-0.1180354,16,466
331,116738,Holiday Inn Paris Montmartre,,,-,55
332,116793,Hotel Pulitzer Paris,48.87319960000001,2.3425446,20,200
333,116993,Hotel Vignon,48.8717146,2.3261812,20,119
334,117112,London Suites,51.5215508,-0.046923800000000015,18,114
335,117226,H tel Aiglon Esprit de France,48.83966229999999,2.3300582000000003,13,202
336,117428,Sansi Diputacio,41.3882234,2.1644551,20,57
337,117485,Park Plaza Victoria London,51.4942539,-0.1414756,20,1443
338,118928,Grange Beauchamp Hotel,51.5203266,-0.1245891,20,321
339,119249,The Franklin Hotel Starhotels Collezione,51.4960283,-0.1686355,13,28
340,119277,Club Quarters Hotel St Paul s,51.51392979999999,-0.101126,20,1606
341,120883,Hotel Elys es Bassano,48.8689307,2.2974502999999995,12,121
342,121004,Hotel Opera Cadet,48.875437100000006,2.3434586,20,65
343,121069,Phileas Hotel,48.8768854,2.3270623,20,192
344,121261,Holiday Inn Paris Elys es,48.8730437,2.3161144,20,63
345,121324,H tel Beauchamps,48.87096,2.3091617,20,289
346,121613,Best Western Nouvel Orl ans Montparnasse,48.8309896,2.3297301,20,174
347,121787,Hotel Plaza Athenee Paris,48.86619320000001,2.3042141,20,36
348,121823,Mercure Paris Place d Italie,48.830196,2.3529539,20,27
349,121850,The Nadler Kensington,51.4931086,-0.190208,15,491
350,122341,H tel Da Vinci Spa,48.8565778,2.3319767,16,146
351,122487,XO Hotel,48.8827492,2.2982782000000004,20,13
352,122500,H tel Vernet,48.871859,2.2978177000000004,20,106
353,122606,Mandarin Oriental Paris,48.8671889,2.326927,15,21
354,122627,Rosewood London,51.5173303,-0.1180966,20,390
355,123017,Novotel Paris Vaugirard Montparnasse,48.8399018,2.3031011,19,216
356,123233,Mayflower Hotel Apartments,51.4916677,-0.1947475,18,851
357,124084,Caesar Hotel,51.51346029999999,-0.1833081,15,317
358,124401,Hotel Xanadu,51.5117907,-0.306071,16,128
359,124529,Draycott Hotel,51.4930097,-0.159715,18,129
360,124658,DoubleTree by Hilton London Docklands Riverside,51.5043483,-0.0334436,15,2147
361,126805,Bentley London,51.4928147,-0.1841753,20,198
362,127003,Mercure Paris Arc de Triomphe Etoile,48.8782679,2.294852,20,21
363,127024,Park Grand Paddington Court,51.5135555,-0.180002,14,2288
364,129312,The One Barcelona GL,41.3961448,2.1631674,20,85
365,129397,The Zetter Townhouse Marylebone,51.514839,-0.1586656,20,82
366,129479,Forest Hill Paris la Villette,48.8969854,2.3852745,16,239
367,129718,The Levin Hotel,51.4998574,-0.161717,17,63
368,129781,The Tophams Hotel,51.4957436,-0.1477528,20,180
369,129961,Le Pavillon de la Reine Spa,48.8562725,2.3660412,20,119
370,130080,Hidden Hotel by Elegancia,48.8775326,2.293458,20,80
371,130160,Le Roch Hotel Spa,48.8661991,2.3328826,20,23
372,130183,H10 London Waterloo,51.49888170000001,-0.1062888,20,484
373,130667,San Domenico House,51.4917798,-0.1616049,20,122
374,130789,Bloomsbury Palace Hotel,51.5207945,-0.1310845,12,1273
375,132062,Hotel du Petit Moulin,48.8615843,2.3620652,20,66
376,132128,Hotel Atmospheres,48.84853870000001,2.3479852,20,155
377,132283,H tel La Comtesse by Elegancia,48.853865,2.3072019,20,111
378,132394,Hotel Astra Opera Astotel,48.8718321,2.3278866000000003,20,34
379,132428,Hotel La Villa Saint Germain Des Pr s,48.855348600000006,2.3340736,20,51
380,132479,Grand Pigalle Hotel,48.880856,2.3375085,20,114
381,132593,Innkeeper s Lodge London Greenwich,51.4801631,-0.0097201,20,664
382,133257,Morgan Mees,52.37437120000001,4.8746196,20,149
383,133406,Hotel Duminy Vendome,48.8654726,2.3292934,10,150
384,133556,Maison Albar H tel Paris Champs Elys es ex Mac Mahon ,48.87538370000001,2.2944651,20,159
385,133715,Holiday Inn London Mayfair,51.507746,-0.1422993,17,647
386,134362,H tel Recamier,48.8503493,2.3344305,20,44
387,134406,TRYP Paris Op ra,48.8713619,2.3426375,20,71
388,134477,Royal Saint Michel,48.8528364,2.3440803,20,284
389,134761,Paddington Court Executive Rooms,51.5138357,-0.1797976,16,278
390,135039,Novotel London Paddington,51.519032,-0.1825943,19,391
391,135430,Hyatt Regency Paris Etoile,48.8802782,2.2843852000000004,20,874
392,136304,Relais Saint Jacques,48.8430523,2.3422519,20,120
393,136424,Hotel Cambon,48.866435,2.3251076,13,55
394,136479,Mercure Paris Montmartre Sacr Coeur,48.8852794,2.3301021,20,269
395,136748,Relais Christine,48.8542454,2.339956,20,92
396,136840,Les Matins de Paris Spa,48.878932,2.3394182,20,63
397,136903,Hotel Square,48.851589,2.2777274,20,28
398,136931,H tel Bourgogne Montana by MH,48.860192700000006,2.318423,17,127
399,137058,The Westin Paris Vend me,48.8657394,2.3274415,7,111
400,137169,Hotel Montalembert,48.8567042,2.3277805,20,44
401,137213,H tel Mathis Elys es,48.8700325,2.3112736000000003,20,194
402,137407,Le Saint Hotel Paris,48.85654210000001,2.3303504,20,42
403,137449,Hotel Le Squara,48.884165,2.3328261,20,122
404,137571,L Hotel Pergol se Paris,48.8756618,2.2863468,17,195
405,137766,H tel Mayfair Paris,48.8661363,2.3260648,11,51
406,137817,Best Western Plus de Neuville Arc de Triomphe,48.8869128,2.3004034,20,71
407,137888,South Place Hotel,51.5189182,-0.0866009,20,326
408,138214,The Royal Park Hotel,51.5142054,-0.17660979999999998,15,146
409,138360,Holiday Inn Paris Op ra Grands Boulevards,48.8715469,2.3439622000000004,20,110
410,138470,Henley House Hotel,51.4922348,-0.1914229,20,419
411,138889,Holiday Inn London Camden Lock,51.5404555,-0.1460833,20,740
412,139629,DoubleTree by Hilton London Westminster,51.49323560000001,-0.1269082,20,1243
413,140872,Blakemore Hyde Park,51.5129736,-0.1837431,16,2178
414,143050,Hyatt Regency London The Churchill,51.5156471,-0.1572443,20,256
415,143306,Rathbone,51.51868010000001,-0.1354055,10,354
416,143660,Le Belmont Champs Elys es,48.8691984,2.2979052,15,83
417,143743,Duret,48.87525529999999,2.286653,16,38
418,143781,H tel Elysees Mermoz,48.8715079,2.3122259,20,107
419,143888,Majestic Hotel Spa,48.8703672,2.2938868,20,38
420,143926,BoB Hotel by Elegancia,48.8335233,2.3191194,12,49
421,143975,Comfort Inn Suites Kings Cross St Pancras,51.5289499,-0.1232979,20,442
422,144417,The Queens Gate Hotel,51.4981225,-0.1799693,20,1103
423,145520,Grange Langham Court Hotel,51.51890770000001,-0.1421957,10,296
424,145816,Radisson Blu Edwardian Hampshire,51.509963,-0.129797,20,697
425,146513,Four Seasons Hotel George V Paris,48.86875120000001,2.3001692000000005,15,121
426,146634,The Marble Arch London,51.5151247,-0.1600656,20,561
427,147195,H tel Fabric,48.8629329,2.3723822999999995,20,103
428,147298,H tel du Minist re,48.8712877,2.3191903,19,206
429,147504,Shangri La Hotel at The Shard London,51.5044972,-0.0855562,15,1113
430,148617,Hotel Les Bulles De Paris,48.849147,2.3471935,20,159
431,148776,Acad mie H tel Saint Germain,48.855263,2.3305901,20,255
432,149031,Plaza Tour Eiffel,48.8645647,2.2821827,20,67
433,149098,Park Grand London Kensington,51.4938468,-0.1917582,11,2059
434,151157,Rocco Forte Brown s Hotel,51.5090558,-0.14216610000000002,20,49
435,151206,Royal Hotel Champs Elys es,48.8740463,2.300196,20,210
436,151416,Best Western Allegro Nation,48.8430891,2.4049867000000003,20,37
437,151453,Prince de Galles a Luxury Collection hotel Paris,48.869143,2.3006526000000003,17,40
438,151493,The Beaufort,51.4978466,-0.164156,11,210
439,151703,H tel La Parizienne by Elegancia,48.8450894,2.3209503,20,124
440,151827,Madeleine Plaza,48.8710402,2.3248014,20,138
441,151965,Blakes Hotel,51.48924470000001,-0.1803196,15,76
442,152041,Castille Paris Starhotels Collezione,48.86829779999999,2.3268027,18,163
443,152204,H tel D Aubusson,48.8547329,2.3395277,20,294
444,152498,Hotel Oscar,48.8694755,2.3046954,20,84
445,152582,Best Western Bretagne Montparnasse,48.8354314,2.321142,20,188
446,152770,The Westbridge Hotel,51.5373904,-0.0023367,16,588
447,153358,Courthouse Hotel Shoreditch,51.5273442,-0.0796152,20,259
448,153617,ME London by Melia,51.511879,-0.118552,20,471
449,154088,Grange Clarendon Hotel,51.5197933,-0.1241844,20,369
450,154457,Hotel Indigo London Kensington,51.4920287,-0.1917801,18,353
451,154810,Novotel Paris 17,48.8920485,2.3023791,13,101
452,154911,Rafayel Hotel Spa,51.4703604,-0.1779869,10,774
453,155685,Norfolk Towers Paddington,51.5162883,-0.1721078,16,1531
454,157216,Artus Hotel by MH,48.8535639,2.3360169,20,58
455,157274,Best Western Premier Kapital Op ra,48.8814425,2.3235592,20,277
456,157551,Timhotel Op ra Blanche Fontaine,48.8825781,2.3334805,20,93
457,157644,H tel Amastan Paris,48.8716831,2.3123759,20,34
458,157678,H tel Gustave,48.85020520000001,2.289043,9,165
459,157843,Best Western Maitrise Hotel Edgware Road,51.521148,-0.171346,20,220
460,158063,Georgian House Hotel,51.490724,-0.143868,20,328
461,158391,Best Western Tour Eiffel Invalides,48.8593152,2.3104179,20,74
462,158465,The Chesterfield Mayfair,51.5076899,-0.14713579999999998,18,482
463,158947,My Chelsea,51.4919083,-0.1684398,16,418
464,159365,Eiffel Trocad ro,48.8613055,2.2862823,20,128
465,159493,Hotel Saint Petersbourg Opera,48.872174,2.328075,20,383
466,159876,H tel Champs lys es Plaza,48.87370429999999,2.3061477000000004,20,65
467,159941,Melia Paris Tour Eiffel,48.8651994,2.3045076,20,53
468,159994,Timhotel Op ra Grands Magasins,48.87946820000001,2.3334957000000003,16,79
469,160073,Dukes Hotel,51.5055381,-0.1396885,13,74
470,160147,Radisson Blu Edwardian Berkshire,51.5146025,-0.1481978,20,555
471,160702,Pestana Chelsea Bridge Hotel Spa,51.4815995,-0.1481053,8,710
472,161412,Arbor Hyde Park,51.5126488,-0.1803795,12,826
473,162238,Mercure Paris Porte De Versailles Expo,48.8268251,2.2912033,10,40
474,162278,Great St Helen Hotel,51.5149583,-0.08238689999999999,20,520
475,162798,Hotel Whistler,48.879314,2.3560185,20,28
476,162826,Hotel Georgette,48.8632723,2.352691,20,51
477,162877,Westside Arc de Triomphe Hotel,48.8811741,2.2948337000000003,18,293
478,163170,Etoile Saint Ferdinand,48.8777895,2.2872498,20,99
479,163269,H tel Saint Marc,48.8708863,2.3382127999999995,20,76
480,163345,United Lodge Hotel and Apartments,51.5743549,-0.0977567,18,223
481,163568,H tel Le Walt,48.85471610000001,2.306642,20,63
482,163631,H tel Le Royal Monceau Raffles Paris,48.8756359,2.3004967,20,22
483,163653,Eccleston Square Hotel,51.4911924,-0.1449474,20,172
484,163825,Nottingham Place Hotel,51.522143,-0.153385,15,247
485,164072,Hotel Claridge Paris,48.8684243,2.3036244,20,187
486,164259,Strand Palace Hotel,51.5110993,-0.1208673,20,4256
487,168515,H tel L Echiquier Op ra Paris MGallery by Sofitel,48.8719889,2.3492912999999995,5,139
488,168654,H tel De Castiglione,48.8691758,2.3205807000000003,20,201
489,168855,Hilton London Olympia,51.4967399,-0.2064723,17,889
490,169744,Grange Buckingham Hotel,51.5196124,-0.1239628,20,49
491,169793,The Cleveland,51.51396920000001,-0.1828202,14,289
492,170082,Dorset Square Hotel,51.52263610000001,-0.16028710000000002,20,123
493,170205,Edouard 7 Paris Op ra,48.8683133,2.3330851000000004,20,184
494,170389,Renaissance Paris Arc de Triomphe Hotel,48.8772093,2.2968266,20,48
495,170437,Rubens At The Palace,51.4981471,-0.14364920000000006,20,765
496,171202,every hotel Piccadilly,51.51014620000001,-0.1315061,20,568
497,171770,Millennium Gloucester Hotel London,51.4935083,-0.1834346,20,2565
498,174335,Novotel Suites Paris Expo Porte de Versailles,48.827388,2.305478,20,228
499,174563,K K H tel Cayr Saint Germain des Pr s,48.8553117,2.3254627999999995,20,326
500,174889,Fielding Hotel,51.5139315,-0.1219893,18,733
501,175622,DoubleTree by Hilton Hotel London Marble Arch,51.514573,-0.15666,20,425
502,176047,Holiday Inn London West,51.5210117,-0.2628618,20,701
503,176748,The Soho Hotel,51.5139805,-0.1337948,18,157
504,176905,Le Grand H tel de Normandie,48.8759461,2.3270955,20,30
505,176935,Monsieur Cadet Hotel Spa Ex Meyerhold Spa ,48.8742767,2.3426276,20,62
506,176997,H tel de La Tamise Esprit de France,48.8648656,2.3295756,11,61
507,177058,Buddha Bar Hotel Paris,48.8694695,2.3208564,20,117
508,177175,Le A,48.8723844,2.3088663,20,91
509,177266,Holiday Inn Paris Notre Dame,48.8528427,2.3422256,20,301
510,177567,Mercure Paris Opera Garnier,48.8749511,2.3259532000000003,20,90
511,177657,Maison Albar Hotel Paris Op ra Diamond,,,-,290
512,177947,Grand H tel Du Palais Royal,48.8630829,2.3378592,20,206
513,178153,Best Western Aulivia Op ra,48.8730552,2.3540112,17,100
514,178253,Renaissance Paris Vendome Hotel,48.8654532,2.3295231,11,14
515,178267,Hotel Park Lane Paris,48.8745879,2.3188143,20,154
516,178421,Little Palace Hotel,48.8675674,2.3539896,17,303
517,178724,Napoleon Paris,48.8743885,2.2980915,20,234
518,178958,Andaz London Liverpool Street,51.5172825,-0.0812451,20,519
519,179477,Novotel London Canary Wharf,51.5011704,-0.0232607,20,146
520,179623,H tel de Lille,48.8585626,2.3299138,17,144
521,179767,H tel Concorde Montparnasse,48.8381079,2.318669,20,692
522,180459,Suites H tel Helzear Montparnasse,48.8346811,2.3255098,16,78
523,180537,Renaissance Paris Republique Hotel Spa,48.8687804,2.3610196,18,13
524,180550,citizenM Tower of London,51.510237,-0.0764428,20,1683
525,182233,Chiswick Rooms,51.4937409,-0.244896,19,342
526,182575,Claridge s,51.5125035,-0.14774379999999998,20,157
527,182732,La Suite West Hyde Park,51.5126758,-0.1867828,18,292
528,183024,St James Court A Taj Hotel London,51.4986732,-0.13768670000000002,14,2070
529,185094,Elys es R gencia,48.8686434,2.2984054,12,276
530,185370,H tel De Sers Champs Elys es Paris,48.8683593,2.3002117,15,80
531,185450,Hotel le Lapin Blanc,48.84918010000001,2.3423357000000005,20,152
532,185602,41,51.4981471,-0.14364920000000006,20,103
533,185705,Shaftesbury Suites London Marble Arch,51.515755,-0.1603335,20,289
534,185994,Grange Strathmore Hotel,51.4958184,-0.1813958,20,448
535,186442,H tel R de Paris Boutique Hotel,48.8799239,2.3288332,19,113
536,186555,Villa Panth on,48.8488044,2.3469889,20,276
537,186831,Trinit Haussmann,48.8800565,2.3342353,18,61
538,186892,The RE London Shoreditch,51.531979,-0.061598,16,893
539,187785,London City Suites,51.5206309,-0.0915341,18,740
540,188525,H tel Crayon Rouge by Elegancia,48.8644967,2.3405415,20,82
541,188607,Mercure Paris Opera Grands Boulevards,48.8740668,2.3502172000000003,8,65
542,188672,St George s Hotel Wembley,51.5553678,-0.28649450000000004,19,1212
543,189884,Hotel Le Saint Gregoire,48.8471891,2.3260138,20,20
544,189904,Le Mathurin Hotel Spa,48.8732068,2.3239015,20,158
545,190062,H tel Saint Paul Rive Gauche,48.84968189999999,2.3402806000000003,20,45
546,190107,The Justin James Hotel,51.4202661,-0.211268,20,260
547,190367,Millennium Hotel London Mayfair,51.510574,-0.1509951,11,1253
548,191620,H tel de Varenne,48.8570275,2.3170282,7,95
549,191715,A La Villa Madame,48.8488608,2.3315257000000003,20,41
550,191756,The Curtain,51.5237209,-0.0806178,20,30
551,191786,45 Park Lane Dorchester Collection,51.5063709,-0.1515359,19,28
552,191814,Grange Tower Bridge Hotel,51.5115509,-0.0714919,20,690
553,192504,Le Tsuba Hotel,48.87776210000001,2.293177,20,57
554,192561,St Martins Lane A Morgans Original,51.5104696,-0.12658239999999998,20,492
555,193053,H tel Barri re Le Fouquet s,48.8710709,2.3013119,18,35
556,193088,Novotel London Blackfriars,51.5050165,-0.1049831,20,428
557,193516,Hotel Villa Lafayette Paris IX,48.87608839999999,2.3456465,20,25
558,193541,Canary Riverside Plaza Hotel,51.50669910000001,-0.0280208,13,138
559,193679,The Marylebone Hotel,51.51802070000001,-0.1500567,2,677
560,194356,L Empire Paris,48.8607764,2.3427564,20,119
561,194475,The Zetter Townhouse Clerkenwell,51.52315640000001,-0.1035134,20,31
562,194506,The Whitechapel,51.5161286,-0.06244580000000001,20,313
563,194819,Suites H tel Helzear Champs Elys es,48.8691399,2.2981024,15,227
564,195046,St George Hotel,51.5182768,-0.1583511,12,122
565,195168,Best Western Premier Op ra Faubourg Ex Hotel Jules ,48.8753359,2.3414617,20,323
566,195491,Pershing Hall,48.8691325,2.3021659,20,14
567,195505,The Premier Notting Hill,51.5127453,-0.1926437,20,967
568,196472,H tel Pont Royal,48.85656289999999,2.3273623,20,62
569,196534,Le G n ral H tel,48.8662695,2.3668616,20,122
570,196656,H tel Th r se,48.8816306,2.2992146,20,132
571,196788,Best Western Premier Trocadero La Tour,48.858312700000006,2.2795075,17,52
572,196840,Holiday Inn London Whitechapel,51.5154006,-0.057236400000000014,20,377
573,197217,Washington Mayfair Hotel,51.5060237,-0.151078,20,699
574,197916,Radisson Blu Edwardian New Providence Wharf,51.5065578,-0.004514,17,1148
575,199064,Hilton London Tower Bridge,51.504575,-0.082675,13,801
576,199865,Novotel London Wembley,51.5611271,-0.2787261,20,1251
577,201116,Le Relais M dicis,48.8497618,2.3392336,20,30
578,201146,Les Jardins De La Villa Spa,48.8801757,2.2859534,20,108
579,201254,Warwick Paris Former Warwick Champs Elysees ,48.8722019,2.3030866000000003,18,411
580,201665,Park Hyatt Paris Vendome,48.8688155,2.3305236000000003,20,29
581,201694,My Home In Paris,48.8636049,2.3688352000000004,20,82
582,201776,Mercure Paris Op ra Faubourg Montmartre,48.8729639,2.3444899,20,33
583,201809,Best Western Plus Elys e Secret,48.87012470000001,2.311141,20,111
584,201920,Villa Beaumarchais,48.8589516,2.3670407000000004,20,295
585,202215,H tel Mansart Esprit de France,48.8684776,2.3298238,20,116
586,202331,Holiday Inn Paris Gare de l Est,48.8758981,2.3590504,20,1129
587,203460,Le Cinq Codet,48.8547869,2.3084819,20,257
588,203717,La Maison Favart,48.870808,2.3372737,20,127
589,203844,Le Pradey,48.8645309,2.3315532,20,59
590,203903,Threadneedles Autograph Collection,51.5140208,-0.0854919,20,196
591,204099,Sanderson A Morgans Hotel,51.5174853,-0.1372109,14,324
592,204423,The Arch London,51.5159214,-0.15987939999999998,20,191
593,204614,Commodore Hotel,51.5124496,-0.1795215,12,953
594,205567,Golden Tulip Washington Opera,48.866242,2.3373169,20,102
595,205669,Residence Henri IV,48.8481917,2.3490316000000004,20,171
596,205840,Hotel du Collectionneur Arc de Triomphe,48.8769204,2.3069132000000003,20,337
597,206177,The Westbourne Hyde Park,51.5131074,-0.17787070000000002,14,275
598,206452,Hotel Le Mareuil,48.8659899,2.3674148999999995,20,47
599,206499,Mercure Paris Champs Elys es,48.8699731,2.2909401000000003,19,39
600,206538,Best Western Le 18 Paris,48.8966167,2.3434843,20,86
601,206624,The Lodge Hotel Putney,51.45729910000001,-0.2055425,13,297
602,206921,Shaftesbury Hyde Park International,51.5123968,-0.186124,16,1029
603,207950,The Montcalm At Brewery London City,51.52081550000001,-0.0915319,19,1317
604,209267,H tel Powers,48.8691409,2.3031502999999995,20,237
605,209504,Villa Lut ce Port Royal,48.8364204,2.3603332000000004,19,47
606,209551,Oceania Paris Porte De Versailles,48.8303023,2.2842872000000005,14,273
607,209824,BEST WESTERN Maitrise Hotel Maida Vale,51.5366053,-0.1919832,20,816
608,210640,Novotel London City South,51.50548320000001,-0.0951196,20,312
609,210952,The Dorchester Dorchester Collection,51.50740070000001,-0.1524593,12,225
610,211177,Mercure Paris Bastille Marais,48.8571207,2.3805581,20,34
611,211211,Hilton London Angel Islington,51.5360906,-0.1048176,20,658
612,211869,Fifty Four Boutique Hotel,51.4963008,-0.1796853,20,310
613,212179,Chateau Frontenac,48.8689468,2.3026558999999995,20,188
614,212367,H tel Du Jeu De Paume,48.8520377,2.3557092,20,106
615,212473,The Sumner Hotel,51.51528920000001,-0.160898,20,266
616,212739,W12 Rooms,51.5045326,-0.2191174,20,405
617,213144,Renaissance Paris Le Parc Trocadero Hotel,48.8673099,2.2856528,18,26
618,213170,Shaftesbury Premier London Paddington,51.5153672,-0.1783271,18,1546
619,214716,Hotel Carlton s Montmartre,48.8819068,2.3410005000000003,20,90
620,214806,Hotel Monge,48.8447938,2.3524462,20,115
621,214921,Mimi s Hotel Soho,51.5140329,-0.13206510000000002,20,390
622,215311,Victoires Opera,48.8648997,2.3469432999999995,20,47
623,215358,Holiday Inn London Oxford Circus,51.516843,-0.14955739999999998,19,484
624,215842,Dorsett Shepherds Bush,51.5039399,-0.2244232,20,1266
625,217108,New Linden Hotel,51.51338320000001,-0.1926617,20,876
626,217984,Le Burgundy Paris,48.8680055,2.3260075,19,161
627,218145,Hotel Sezz Paris,48.8566336,2.2852607000000003,12,24
628,218169,Hotel Montaigne,48.865467,2.3038811000000003,20,89
629,218258,Hotel Royal Elys es,48.87296660000001,2.2926226,20,45
630,218303,Mercure Paris Bercy Biblioth que,48.8370334,2.372322,13,125
631,218428,Hazlitt s,51.5143447,-0.1318157,20,241
632,218669,Park Plaza London Waterloo,51.4982412,-0.1134715,20,552
633,219221,citizenM London Shoreditch,51.5241373,-0.07869830000000001,20,838
634,220059,H tel Balzac,48.8732785,2.3004174,20,166
635,220225,Victoria Palace Hotel,48.84575870000001,2.3243071,20,24
636,220249,Hotel Eug ne en Ville,48.8750119,2.3416769,20,191
637,220440,Newhotel Roblin,48.8714152,2.3239679,20,271
638,220711,Le Relais Montmartre,48.88545379999999,2.3335809,20,182
639,220893,Amarante Beau Manoir,48.870994,2.3235329,20,159
640,221052,Hotel Maison FL,48.8396395,2.2663056,18,102
641,221154,Balmoral Champs Elys es,48.8759855,2.2939380000000003,20,114
642,221268,The Chess Hotel,48.87160170000001,2.3349768,20,235
643,221503,AC Hotel Paris Porte Maillot by Marriott,48.8820046,2.2818537999999995,20,75
644,221578,B Montmartre,48.883631,2.3257642999999995,20,90
645,221668,H tel Regent s Garden,48.8797513,2.2919634,14,91
646,221759,Mercure Paris 15 Porte de Versailles,48.8382542,2.2903494,16,25
647,221784,Hotel Le Placide Saint Germain Des Pr s,48.8498439,2.3244253,20,24
648,221808,Hotel VIU Milan,45.488764,9.183057000000002,20,58
649,221866,Sofitel London St James,51.5076044,-0.132266,20,352
650,222218,Baglioni Hotel London The Leading Hotels of the World,51.5017224,-0.1846243,15,114
651,222332,DoubleTree by Hilton London Islington,51.5322508,-0.1095714,20,909
652,223241,Nell Hotel Suites,48.8741002,2.3426357,20,45
653,223286,Rydges Kensington Hotel,51.4956883,-0.1827878,20,496
654,223782,Club Quarters Hotel Lincoln s Inn Fields,51.5160988,-0.1181749,20,1139
655,224921,Novotel Paris Centre Tour Eiffel,48.8500283,2.2834126,16,497
656,225418,Best Western Plus 61 Paris Nation Hotel,48.8465653,2.4102405,20,74
657,225492,Hotel Monsieur,48.8735135,2.3217457,20,180
658,225672,Hotel Saint Dominique,48.8599998,2.3087425,20,121
659,225793,Clayton Hotel Chiswick,51.4924184,-0.27847009999999994,17,922
660,226715,Park Plaza London Park Royal,51.527262,-0.282992,10,197
661,226912,Hotel Malte Astotel,48.8672474,2.33738,20,26
662,226938,Best Western Palm Hotel,51.5634756,-0.2042758,14,949
663,227887,InterContinental Paris Avenue Marceau,48.8706373,2.2982095,20,45
664,227932,Mercure Tour Eiffel Grenelle,48.850448,2.2928845,13,39
665,227971,Mercure Paris Bastille Saint Antoine,48.849574,2.3798517999999995,20,22
666,227993,Boutique H tel Konfidentiel,48.8612535,2.3426256000000003,20,19
667,228012,The Piccadilly London West End,51.51219570000001,-0.1318384,20,1125
668,229137,R Kipling by Happyculture,48.8820838,2.3315849,20,84
669,229221,Hotel Des Saints Peres Esprit de France,48.8534026,2.3299043,20,105
670,229326,Best Western Hotel Montmartre Sacr Coeur,48.888539,2.3498459,20,266
671,229592,Kingsway Hall Hotel,51.5158643,-0.1200625,20,683
672,230275,Mandarin Oriental Hyde Park London,51.5022081,-0.1599428,10,85
673,230360,H tel Jos phine by Happyculture,48.8823141,2.3316688,20,76
674,230436,Radisson Blu Edwardian Vanderbilt,51.4953691,-0.1818966,20,1298
675,231734,Hotel Le Chat Noir,48.8836255,2.3340537999999995,20,129
676,231863,Hotel Cafe Royal,51.5100916,-0.1359431,20,364
677,232227,Mercure Vaugirard Paris Porte De Versailles,48.8330649,2.2879617000000003,20,106
678,232333,Grange Rochester Hotel,51.4942654,-0.13660260000000002,20,364
679,232697,Gainsborough Hotel,51.4948416,-0.1772056,20,807
680,233504,H tel Bel Ami,48.8550298,2.3332104,19,105
681,233609,St James Hotel Club Mayfair,51.50615870000001,-0.1402803,13,135
682,233744,Apex London Wall Hotel,51.5160484,-0.0880181,20,437
683,234181,Seraphine Kensington Gardens Hotel,51.5021027,-0.187901,16,310
684,234491,Hotel de Nell,48.8732788,2.3466576,18,81
685,234572,9Hotel Republique,48.8708419,2.3605864,16,183
686,234755,Goralska R sidences H tel Paris Bastille,48.8482842,2.3657251,6,24
687,234779,Club Quarters Hotel Gracechurch,51.5127964,-0.0847973,20,1103
688,235882,Grange Blooms Hotel,51.51969129999999,-0.1254243,20,173
689,236055,DoubleTree by Hilton Hotel London Tower of London,51.5108412,-0.0780581,20,3212
690,239267,H tel Baume,48.8501522,2.3392782000000003,20,176
691,239443,Hotel West End,48.8671391,2.3038447,20,129
692,239572,Arioso,48.8746066,2.3167195,20,38
693,239610,H tel Lancaster Paris Champs Elys es,48.8723438,2.3033377999999995,17,80
694,239690,Melia Paris Notre Dame,48.8515198,2.3486511,20,54
695,239744,Hotel Mademoiselle,48.8772493,2.3543043,20,201
696,239945,Hotel Les Bains Paris,48.86382800000001,2.3519345,20,35
697,239980,Hotel Ares Eiffel,48.8503276,2.2982022,16,212
698,240192,Francois 1er,48.87018870000001,2.2997281000000003,17,136
699,240328,H tel Montmartre Mon Amour,48.886687,2.3449332000000003,20,63
700,240391,Hotel Monceau Wagram,48.8808779,2.2989756000000003,20,110
701,240501,Novotel London Excel,51.5077198,0.0229805,16,574
702,241075,Paris Marriott Champs Elysees Hotel,48.8711365,2.3050482000000003,18,94
703,241169,Mercure London Bridge,51.50525870000001,-0.099176,20,414
704,241583,H tel Exquis by Elegancia,48.8536854,2.3805796000000004,20,157
705,241740,Grange Wellington Hotel,51.4944319,-0.1363756,20,428
706,242168,Les Jardins Du Marais,48.8605219,2.3680239,20,156
707,242324,Hotel Cavendish,51.52205220000001,-0.132414,8,920
708,243244,Park Grand London Hyde Park,51.5157316,-0.1802179,15,819
709,244063,Shaftesbury Metropolis London Hyde Park,51.5166887,-0.1706147,20,1095
710,245158,Radisson Blu Champs Elys es Paris,48.8719212,2.2971404,20,152
711,245310,Hotel Eiffel Blomet,48.8416787,2.3022862,20,15
712,245325,Holiday Inn Paris Gare Montparnasse,48.83829160000001,2.3230188,20,331
713,245656,H tel Thoumieux,48.8595985,2.3088076,20,37
714,245693,The Exhibitionist Hotel,51.4947754,-0.177789,20,804
715,246497,Auteuil Tour Eiffel,48.8506499,2.2750873,20,196
716,246693,Ten Manchester Street Hotel,51.5188,-0.153839,10,218
717,246911,Mercure London Hyde Park,51.5151149,-0.17438570000000006,18,221
718,247132,London Bridge Hotel,51.5052188,-0.088166,20,167
719,247299,Derby Alma,48.8605031,2.3006606,20,140
720,247439,The Beaumont Hotel,51.513055,-0.152257,20,120
721,247559,Mercure Paris Gobelins Place d Italie,48.8321231,2.3536172000000004,20,24
722,247583,H tel Original Paris,48.8546989,2.3691899,20,30
723,247613,The Grand at Trafalgar Square,51.506935,-0.126012,20,733
724,248346,Club Quarters Hotel Trafalgar Square,51.506935,-0.126012,20,945
725,249291,The Laslett,51.50952589999999,-0.1967234,20,250
726,249541,Novotel Paris Les Halles,48.8607299,2.3465326,20,523
727,250064,Melia Paris Vendome,48.8668228,2.3257729,13,51
728,250115,Chambiges Elys es,48.8668048,2.3039465,20,193
729,250308,MARQUIS Faubourg St Honor Relais Ch teaux,48.8698184,2.3208729,20,13
730,250321,H tel Le Bellechasse Saint Germain,48.8597024,2.3239701,20,71
731,250392,Hotel Verneuil Saint Germain,48.8573706,2.3314669,13,75
732,250467,Hotel Daniel Paris,48.87284920000001,2.3073662999999995,20,12
733,250479,Residence Du Roy,48.8657687,2.3090386,20,222
734,250701,La Maison Champs Elys es,48.866676,2.3089908,20,79
735,250780,H tel Arvor Saint Georges,48.8785454,2.3384866,20,106
736,250886,The Belgrave Hotel,51.4901051,-0.1381355,20,957
737,251843,TheWesley,51.52653529999999,-0.1361682,20,1117
738,252960,Le M ridien Etoile,48.8794646,2.2849548,20,91
739,253051,The Hoxton Shoreditch,51.5255136,-0.082927,20,679
740,253730,The Cavendish London,51.5077459,-0.1378733,20,416
741,254146,Avo Hotel,51.5460628,-0.0700817,20,166
742,254312,Hotel 82 London,51.5195857,-0.1584803,20,712
743,255024,La Clef Tour Eiffel,48.8647019,2.2886425,20,315
744,255339,Best Western Plus Seraphine Hammersmith Hotel,51.4926269,-0.2288598,20,743
745,256082,La Chambre du Marais,48.8636168,2.3607998,19,88
746,256170,Novotel Paris Centre Bercy,48.8384558,2.3805885,15,171
747,256341,The Zetter Hotel,51.522672,-0.10368410000000003,20,177
748,256518,Grosvenor House Suites by Jumeirah Living,51.509841,-0.1552193,12,100
749,256618,Hotel OFF Paris Seine,48.8427364,2.3672171000000004,20,79
750,256697,Snob Hotel by Elegancia,48.8622723,2.3495707,20,60
751,256757,Sofitel Paris Baltimore Tour Eiffel,48.8663089,2.289609,20,123
752,256880,88 Studios,51.4992789,-0.2090733,15,459
753,257339,Adria Boutique Hotel,51.493337200000006,-0.1788931,20,231
754,257570,Best Western Premier Faubourg 88,48.8776756,2.3493159,18,179
755,257749,Hotel De Vigny,48.8738672,2.3005894,20,63
756,257812,Sydney House Chelsea,51.4910062,-0.1717691,20,258
757,258070,Radisson Blu Edwardian Bloomsbury Street,51.517608,-0.1276253,20,886
758,258956,H tel Le Relais Saint Germain,48.8519208,2.338878,20,40
759,258996,Hotel Moonlight,51.4940285,-0.1910497,11,285
760,259281,Villa Alessandra,48.8794223,2.2957628,20,26
761,259307,Ibis Styles Paris Gare Saint Lazare,48.8796596,2.3209155,20,14
762,259321,Golden Tulip Opera de Noailles,48.8696173,2.3346428,20,154
763,259475,Best Western Premier Op ra Li ge,48.87959470000001,2.3280695,20,129
764,259604,H tel Cristal Champs Elys es,48.87268140000001,2.3020866,18,127
765,259731,Best Western Le Jardin de Cluny,48.8497553,2.3467616,20,120
766,259851,Le Pigalle Hotel,48.8816073,2.3371648,20,42
767,259893,Relais H tel du Vieux Paris,48.85386079999999,2.3429487,20,156
768,260049,Victoire Germain,48.853299,2.337993,20,53
769,260102,Le Littr ,48.8454447,2.3242814,20,44
770,260146,Hotel Le Sainte Beuve,48.8438998,2.3294858,20,98
771,260244,Hotel Villa Saxe Eiffel,48.849758,2.3095213,20,80
772,260324,Thistle Hyde Park,51.5112451,-0.1808938,12,299
773,260623,Holiday Inn Paris Saint Germain des Pr s,48.846837,2.3258066000000004,20,234
774,260857,Hotel Spa La Belle Juliette,48.8474426,2.3223783,20,71
775,260928,Rochester Champs Elysees,48.8724945,2.3091549,20,149
776,261077,DoubleTree by Hilton London West End,51.5201065,-0.1221393,20,926
777,262003,Hotel d Orsay Esprit de France,48.8603599,2.3230778,20,211
778,262214,Mercure Paris Opera Louvre,48.8710895,2.3393461,20,94
779,262308,La Villa des Ternes,48.8803479,2.2858242000000004,20,144
780,262452,Holiday Inn London Kensington Forum,51.4942305,-0.1851141,17,1502
781,263954,Radisson Blu Edwardian Kenilworth,51.5179725,-0.12804949999999998,20,942
782,264896,H tel Monna Lisa Champs Elys es,48.874853,2.3245798,20,92
783,264988,H tel Waldorf Trocad ro,48.8672694,2.2878666,20,74
784,265062,Best Western Amiral Hotel,48.82523070000001,2.3569005,20,119
785,265181,Hotel Les Th tres,48.8694768,2.3515065,14,123
786,265304,Mercure Paris 17 me Saint Lazare Monceau,48.8837472,2.3186342,20,19
787,265323,Melia White House Hotel,51.5298597,-0.1444623,12,656
788,265979,Sir Albert Hotel,52.3544507,4.8875036,11,335
789,266314,The Waldorf Hilton,51.5131979,-0.1174504,20,800
790,267114,Corendon Vitality Hotel Amsterdam,52.3466449,4.8310984,14,941
791,268055,Hotel Bellevue Wien,48.2264063,16.3600628,20,45
792,268100,Maison Borella,45.4521067,9.1758135,16,130
793,268230,Hotel Am Konzerthaus Vienna MGallery by Sofitel,48.1996129,16.3773546,20,230
794,268460,Park Hyatt Vienna,48.2105243,16.3683592,20,92
795,268552,Hilton Vienna,48.2062268,16.3833767,20,561
796,269113,Catalonia Port,41.378751,2.17873,16,178
797,269291,Hampshire Hotel Rembrandt Square Amsterdam,52.3663466,4.8985764000000005,13,748
798,270039,Eurostars Angli,41.4031654,2.1231637,20,77
799,270116,Pillows Anna van den Vondel Amsterdam,52.3607413,4.8695315,2,56
800,270172,Schlosshotel R mischer Kaiser,48.2040859,16.3725046,20,301
801,270473,Hotel Mailberger Hof,48.204183,16.3726664,20,338
802,270811,Best Western Delphi Hotel,52.3504558,4.8770194,8,80
803,270891,Apollofirst Boutique Hotel,52.350396,4.8756404,7,372
804,271263,Hilton Amsterdam,52.351381,4.8727230000000015,4,279
805,271542,Apollo Hotel Amsterdam,52.3486098,4.8844292000000005,6,803
806,272345,Catalonia Catedral,41.3846637,2.1740902,12,488
807,272833,Element Amsterdam,52.3312406,4.877446599999999,11,298
808,273131,Axel Hotel Barcelona Urban Spa Adults Only,41.38734779999999,2.1603987,20,602
809,273733,Cram,41.3880549,2.1599602000000004,16,159
810,273892,Urban Lodge Hotel,52.3856494,4.834443,9,1071
811,274963,Novotel Wien City,48.2134246,16.3831309,20,270
812,275233,The Levante Parliament A Design Hotel,48.2083518,16.354532,16,355
813,275588,Room Mate Gerard,41.3919114,2.1765438,20,14
814,275602,H10 Marina Barcelona,41.393227,2.1927427,16,318
815,275920,Barcelona Princess,41.4109715,2.2186535,20,897
816,276817,Novotel Barcelona City,41.4038774,2.1911894,20,274
817,277091,The Gates Diagonal Barcelona,41.4036219,2.1902808,20,287
818,277378,AC Hotel Diagonal L Illa a Marriott Lifestyle Hotel,41.3899609,2.135684,20,56
819,277434,Wilson Boutique Hotel,41.3944029,2.150194,20,145
820,277579,NH Hesperia Barcelona Presidente,41.3941338,2.1489569,20,120
821,277699,Hilton Barcelona,41.388682,2.1316368,20,45
822,277744,Vincci Mae,41.3933943,2.1461315,20,106
823,277850,Fairmont Rey Juan Carlos I,41.3835246,2.1096141,20,197
824,278047,Pullman Barcelona Skipper,41.3860183,2.19473,20,278
825,278325,Hotel Ciutadella Barcelona,41.3837583,2.1846933,20,93
826,278418,Catalonia Atenas,41.4110056,2.1866009,15,1061
827,279479,Tryp Barcelona Apolo Hotel,41.37470310000001,2.1707106,20,179
828,279658,Sansi Pedralbes,41.39367,2.1115418,13,30
829,279688,Crowne Plaza Barcelona Fira Center,41.37252460000001,2.1540788,20,120
830,279808,Gran Hotel Torre Catalunya,41.37955720000001,2.1425457000000003,20,382
831,280190,H10 Itaca,41.3810311,2.1455516,20,125
832,280315,Hotel Abbot,41.3815028,2.1449138,20,39
833,280354,Sercotel Amister Art Hotel Barcelona,41.38440720000001,2.1514584,13,80
834,280434,Melia Barcelona Sarri ,41.391058,2.141706,20,107
835,280541,ABaC Restaurant Hotel Barcelona GL Monumento,41.4106944,2.136294,20,31
836,280572,Col n Hotel Barcelona,41.38496129999999,2.1756666,8,396
837,280968,Hotel SB Icaria Barcelona,41.3935591,2.1993915,18,839
838,281807,Hotel Barcelona Universal,41.375237,2.1684058,20,253
839,282060,Aparthotel Arai 4 Superior,41.38075170000001,2.1772425,16,205
840,282265,NH Collection Barcelona Podium,,,-,146
841,282411,Hotel Ronda Lesseps,41.408641,2.1478143,20,83
842,282494,Hotel Barcelona Center,41.3917169,2.1592614,17,254
843,282748,Olivia Balmes Hotel,41.392095,2.158493,16,510
844,283258,Catalonia Diagonal Centro,41.39386320000001,2.1568039,20,246
845,283504,The Capital,51.4997486,-0.1615242,17,145
846,283649,Vienna Sporthotel,48.191373,16.4082294,20,63
847,283712,Megaro Hotel,51.5294411,-0.12337449999999997,20,800
848,284512,Hotel De Hallen,52.3677568,4.868217400000002,13,355
849,284867,AC Hotel Victoria Suites a Marriott Lifestyle Hotel,41.3893478,2.1209755,19,45
850,284912,Catalonia Plaza Catalunya,41.3865289,2.1682919,20,964
851,285876,Hotel Regina,41.3858891,2.1681652,20,934
852,286466,Hotel Pulitzer,41.386136,2.1682914,20,495
853,286961,Hotel Alimara,41.4337561,2.147327,13,195
854,287156,Thistle Holborn The Kingsley,51.5179659,-0.1234343,20,709
855,287865,Hotel Boltzmann,48.2216779,16.356711100000002,20,70
856,287935,The Westbury A Luxury Collection Hotel Mayfair London,51.51444179999999,-0.146432,20,289
857,288224,Petit Palace Boqueria Garden,41.3812223,2.1739622000000005,5,786
858,289010,Mercer House B ria BCN,41.3846844,2.1791065,10,89
859,289099,Hotel ViennArt am Museumsquartier,48.2035677,16.356445,20,458
860,289557,Crowne Plaza London Battersea,51.4689559,-0.1787256,15,589
861,290146,Amba Hotel Marble Arch,51.51440039999999,-0.1565506,20,1262
862,291408,Taj 51 Buckingham Gate Suites and Residences,51.498861,-0.13748970000000002,12,133
863,291541,Hotel Sans Souci Wien,48.204576,16.3563661,20,235
864,291776,Catalonia La Pedrera,41.3986093,2.1625037,20,155
865,291931,Ohla Eixample,41.39445739999999,2.1564353,20,250
866,292181,Jumeirah Carlton Tower,51.4973568,-0.15767279999999995,6,76
867,292257,Hotel Villa Emilia,41.3802469,2.1541149,17,193
868,292450,TWO Hotel Barcelona by Axel 4 Sup Adults Only,41.37913,2.1561186,20,522
869,292972,Hotel Best Western PLUS Alfa Aeropuerto,41.3283758,2.1129638,3,572
870,293544,AC Hotel Irla a Marriott Lifestyle Hotel,41.3948175,2.1434702000000003,20,16
871,293560,Hotel Barcelona Catedral,41.384829,2.1751277,10,870
872,294430,Arenas Atiram Hotels,41.3904305,2.1262314,20,75
873,294505,Holiday Inn London Regent s Park,51.5222472,-0.14261279999999998,18,826
874,295331,Senator Barcelona Spa Hotel,41.3777977,2.1135971,20,569
875,295900,Thistle Euston,51.5291423,-0.13727820000000002,20,1214
876,297114,The Connaught,51.5101556,-0.1496314,8,45
877,297159,Room Mate Anna,41.39293660000001,2.1653954,20,293
878,297452,Gran Hotel La Florida,41.4253332,2.1211028,5,188
879,297640,Ayre Hotel Caspe,41.3961021,2.1794688,20,595
880,298235,Doubletree By Hilton London Greenwich,51.474469,-0.019428,20,972
881,299207,Chasse Hotel,52.3696719,4.8614475,7,139
882,299346,The Chelsea Harbour Hotel,51.4756558,-0.1813888,15,550
883,299896,Palais Coburg Residenz,48.2058584,16.3766545,20,16
884,299912,Zenit Borrell,41.3859873,2.1514021,18,84
885,299996,U232 Hotel,41.38952370000001,2.1490307,20,198
886,300194,Eurostars Monumental,41.4006653,2.1787089,20,212
887,300406,Pestana Arena Barcelona,41.376801,2.1460443,20,142
888,300548,Grange City Hotel,51.5110114,-0.07712510000000003,20,405
889,300953,Holiday Inn London Bloomsbury,51.5241248,-0.1258066,12,1216
890,302169,The Mirror Barcelona,41.3930406,2.1545393,20,157
891,302326,Worldhotel Cristoforo Colombo,45.4758842,9.205791,18,512
892,302838,IH Hotels Milano Puccini,45.4794406,9.2096756,20,175
893,303013,Best Western Hotel City,45.485887700000006,9.204282699999998,20,173
894,303186,Ch teau Monfort Relais Ch teaux,45.4682358,9.2073799,14,227
895,303413,Palazzo Parigi Hotel Grand Spa Milano,45.473348,9.1910733,20,122
896,303535,Hotel Lloyd,45.4580781,9.1924205,20,211
897,303746,Hotel Romana Residence,45.4572218,9.1937008,18,334
898,304080,Hotel Crivi s,45.4529643,9.1962217,20,74
899,304154,Hotel Galileo,45.4642651,9.1960569,20,222
900,304376,Carlyle Brera Hotel,45.47699229999999,9.1844899,20,233
901,304609,Boscolo Milano Autograph Collection,45.46676,9.194293,11,195
902,304804,Mokinba Hotels King,45.4656023,9.1778675,20,152
903,304956,Qualys Hotel Nasco,45.4848809,9.1596461,20,206
904,305162,Enterprise Hotel Design Boutique,45.4867005,9.1575137,20,236
905,305398,Tryp Barcelona Condal Mar Hotel,41.4126508,2.2090895,13,100
906,305498,NH Collection Barcelona Constanza,41.3885274,2.1360471000000003,20,177
907,305675,NH Collection Amsterdam Grand Hotel Krasnapolsky,52.3727067,4.894365799999999,17,1243
908,306918,Park Plaza Victoria Amsterdam,52.377278,4.897818,20,1595
909,308513,Hotel Amsterdam De Roode Leeuw,52.373704,4.893591000000002,16,170
910,308683,Swiss tel Amsterdam,52.3735266,4.8933041,16,830
911,309513,City Rooms,48.2133296,16.347139900000002,20,44
912,309557,Holiday Inn Amsterdam,52.3351951,4.8885354,14,286
913,309843,Jaz Amsterdam,52.314371,4.938806400000002,5,1157
914,311000,Best Western Premier Hotel Couture,52.351113700000006,4.8411629000000005,8,1809
915,312809,Mercer Hotel Barcelona,41.3827,2.1791999,16,146
916,312955,Mercure Vienna First,48.21145670000001,16.373867699999998,20,79
917,313034,Melia Barcelona Sky 4 Sup,41.4061636,2.2008956000000004,20,44
918,313078,Bilderberg Garden Hotel,52.351144700000006,4.8740764,6,567
919,313645,Ako Suites Hotel,41.3861153,2.1611899,20,131
920,313776,Eurostars Cristal Palace,41.3897945,2.1660575,20,385
921,314161,HCC St Moritz,41.39084860000001,2.1680745,20,103
922,314264,Petit Palace Museum,41.3888014,2.1653738,20,341
923,314605,NH Amsterdam Noord,52.3923684,4.9110442,5,143
924,314748,Primero Primera,41.4002812,2.1297427000000004,20,71
925,314819,Hotel 4 Barcelona,41.39595870000001,2.2008981,18,120
926,314939,Melia Vienna,48.231911,16.4129493,13,501
927,315440,Graben Hotel,48.2078955,16.3701084,17,114
928,315554,Medinaceli,41.3781685,2.1786627,19,82
929,315636,Grand Hotel Downtown,52.36513,4.8729422,14,415
930,316051,Amadi Park Hotel,52.364962,4.873495,11,396
931,316447,Hotel Casa Camper,41.3832414,2.1685298,11,301
932,316748,Holiday Inn London Wembley,51.55909550000001,-0.284704,20,1848
933,318596,Austria Trend Hotel Lassalle Wien,48.2273013,16.4001791,11,148
934,318744,H10 Art Gallery 4 Sup,41.392018,2.157066,19,323
935,319067,Hotel Granados 83,41.391843,2.156844,20,135
936,319202,Best Western PLUS Epping Forest,51.603207,0.010607,4,328
937,319530,NH Hesperia Barcelona del Mar,41.4014399,2.2100745,9,139
938,319669,Novotel Amsterdam City,52.333803,4.8884708,11,533
939,320202,St Pancras Renaissance Hotel London,51.5267769,-0.1324905,20,1147
940,321349,DoubleTree By Hilton London Excel,51.50737700000001,0.038657,9,1464
941,322813,The Guesthouse Vienna,48.2051299,16.369035999999998,20,292
942,323105,Hotel Johann Strauss,48.1949694,16.3692624,14,110
943,323215,Hotel Mercure Wien Westbahnhof,48.19835429999999,16.3375246,20,87
944,323302,Savoy Hotel Amsterdam,52.34974310000001,4.8911908,12,243
945,323545,Hotel Okura Amsterdam,52.3487635,4.8938829,11,459
946,324004,Hotel Eitlj rg,48.1513676,16.4064709,4,12
947,324016,Hotel V Fizeaustraat,52.3451511,4.9252372000000015,5,401
948,324417,Mercure Wien Zentrum,48.21140870000001,16.374646900000002,20,152
949,324569,Best Western Premier Kaiserhof Wien,48.1975497,16.3686397,20,334
950,324903,FourSide Hotel Suites Vienna,48.2565936,16.4031426,20,110
951,325013,Millennium Copthorne Hotels at Chelsea Football Club,51.481663,-0.1909565,19,877
952,325890,IH Hotels Milano Ambasciatori,45.4644348,9.1952727,20,318
953,326208,Crowne Plaza Amsterdam South,52.3357326,4.8743947,14,268
954,326476,Durrants Hotel,51.5179386,-0.1529794,8,726
955,327202,Mercure Secession Wien,48.200561,16.364706299999998,20,103
956,327305,Hotel Well and Come,41.3991773,2.1656134,19,375
957,327680,City Hotel Deutschmeister,,,-,93
958,327773,Ayre Hotel Gran V a,41.3732462,2.1474351,20,797
959,328570,Sunotel Central,41.3841429,2.1616896,20,640
960,329210,Silken Gran Hotel Havana,41.3927101,2.1722139,20,285
961,329495,Cotton House Hotel Autograph Collection,41.3915897,2.1720108,20,48
962,329543,Hotel Vueling Bcn by HC,41.3831641,2.1604736,20,322
963,329865,H10 Casanova,41.38426079999999,2.1609471,20,159
964,330024,Avenida Palace,41.3891168,2.1671986,20,807
965,330831,Acta Atrium Palace,41.390913,2.1706981,20,458
966,331289,Hotel Indigo Barcelona Plaza Catalunya,41.391362,2.1700953,20,133
967,331422,Catalonia Passeig de Gr cia 4 Sup,41.3901396,2.1696699,20,500
968,331922,Hotel Palace GL,41.3916258,2.1716378,20,357
969,332279,Grupotel Gran Via 678,41.392344,2.1729157000000003,20,340
970,332619,Hotel Casa Bonay,41.3935967,2.1742718,20,360
971,332979,The Cumberland A Guoman Hotel,51.514879,-0.1606501,20,1809
972,334788,FourSide Hotel Vienna City Center,48.1825159,16.332242800000003,20,173
973,334961,Hotel Vienna,48.2196722,16.386358800000004,16,135
974,335096,London Marriott Hotel Grosvenor Square,51.511579,-0.1500193,16,256
975,335352,Rainers Hotel Vienna,48.1791893,16.3625367,20,210
976,335562,Pol Grace Hotel,41.4017465,2.1477365,15,400
977,335962,Austria Trend Hotel Bosei Wien,48.1629737,16.340402400000002,0,391
978,336353,Pertschy Palais Hotel,48.2082256,16.368412300000006,16,294
979,336647,Alma Boutique Hotel,48.2112491,16.3776519,20,152
980,336799,Flemings Mayfair,51.50646070000001,-0.1454198,17,499
981,337298,Hilton London Green Park,51.5064534,-0.14561459999999998,18,484
982,337782,COMO The Halkin,51.4988977,-0.15620150000000002,7,29
983,337811,Four Seasons Hotel London at Park Lane,51.504439,-0.149911,20,91
984,337902,Hilton Vienna Danube Waterfront,48.2140659,16.4217627,8,426
985,338328,Hotel 55,51.5213303,-0.2915052,4,385
986,338713,The Harmonie Vienna,48.2199427,16.3598984,20,206
987,338919,Hotel Park Villa,,,-,61
988,338980,WestCord Fashion Hotel Amsterdam,52.357655,4.844576,1,1364
989,340344,The Hoxton Amsterdam,52.3718665,4.8873794,13,409
990,340753,Ambassade Hotel,52.369391,4.8871721,7,551
991,341304,Banks Mansion All Inclusive Hotel,52.3653868,4.8931979000000005,12,353
992,341657,Waldorf Astoria Amsterdam,52.364768,4.896945,12,142
993,341799,Senator Hotel Vienna,48.2195864,16.3255339,20,240
994,342039,Hotel J ger,48.2238463,16.3138357,13,40
995,342079,Steigenberger Hotel Herrenhof,48.2097958,16.3658705,15,521
996,342600,Radisson Blu Style Hotel Vienna,48.2101211,16.3655537,17,249
997,342849,Hilton Garden Inn Vienna South,48.1667886,16.344908,13,20
998,342869,Austria Trend Parkhotel Sch nbrunn Wien,48.1866506,16.3023375,20,429
999,343298,Club Hotel Cortina,48.187794200000006,16.272721400000002,10,64
1000,343362,Arion Cityhotel Vienna und Appartements,48.15853320000001,16.345111499999998,6,464
1001,343826,NH Amsterdam Museum Quarter,52.35609229999999,4.885822900000001,6,239
1002,344065,Gartenhotel Altmannsdorf Hotel 1,48.1640345,16.3216061,11,20
1003,344085,Hilton London Kensington Hotel,51.5051084,-0.213266,20,1845
1004,345930,Hotel Mercure Wien City,48.2152663,16.376103,20,129
1005,346059,Courtyard by Marriott Amsterdam Arena Atlas,52.31011820000001,4.9472918,20,347
1006,346406,Holiday Inn Amsterdam Arena Towers,52.30968350000001,4.9422614000000005,20,282
1007,346688,The Lanesborough,51.50303,-0.15242,20,31
1008,346719,Amadi Panorama Hotel,52.358880600000006,4.9886041,5,481
1009,347200,Room Mate Aitana,52.3846059,4.8941865999999985,6,916
1010,348116,DoubleTree by Hilton London Chelsea,51.475172,-0.1870629,20,550
1011,348666,Hotel G tico,41.3835584,2.178311,9,25
1012,348691,Hotel JL No76,52.3595919,4.8801587,20,312
1013,349003,Bilderberg Hotel Jan Luyken,52.3599196,4.8810128,20,366
1014,349369,Gran Hotel Barcino,41.38305820000001,2.1778267,9,82
1015,349451,Aparthotel Atenea Barcelona,41.38626890000001,2.1291786,20,178
1016,349629,Mercure Hotel Amsterdam City South,52.335182,4.9138688,0,801
1017,350430,Am Spiegeln,48.1537005,16.2825822,7,21
1018,350451,Hotel Gallitzinberg,48.2145071,16.284504199999994,9,8
1019,350459,InterContinental Wien,48.2019865,16.378993400000002,20,142
1020,350601,Dutch Design Hotel Artemis,52.3417894,4.824952,9,432
1021,351033,Mercure Josefshof Wien,48.2085627,16.3541687,17,416
1022,351449,Fleming s Selection Hotel Wien City,,,-,658
1023,352107,Cordial Theaterhotel Wien,,,-,57
1024,352164,Vincci Bit,41.4114188,2.2117560000000003,20,411
1025,352575,Hollmann Beletage Design Boutique,48.2105156,16.3760717,20,102
1026,352677,Hotel Bristol A Luxury Collection Hotel,48.2024907,16.3702656,20,60
1027,352737,Hotel Imperial A Luxury Collection Hotel,48.2012505,16.3731255,20,77
1028,352814,The Ring Vienna s Casual Luxury Hotel,48.2017091,16.3710205,20,210
1029,353024,Grand Hotel Wien,48.2021105,16.3720841,20,262
1030,353286,Hotel Ambassador,48.2057193,16.371087799999998,20,236
1031,353522,Austria Trend Hotel Astoria Wien,48.20446550000001,16.3702399,20,423
1032,353945,Austria Trend Hotel Europa Wien,48.2062103,16.3710387,13,529
1033,354474,Hotel Schani Wien,48.1824271,16.3808291,14,409
1034,354883,Ozo Hotel,52.3047669,4.9476868,10,473
1035,355356,Renaissance Amsterdam Hotel,52.377955,4.894641,20,532
1036,355888,Canal House,52.3763099,4.886270099999999,4,184
1037,356072,The Toren,52.3758754,4.8859642,5,400
1038,356472,The Dylan Amsterdam,52.3654686,4.8798713,20,104
1039,356576,Great Northern Hotel A Tribute Portfolio Hotel London,51.531427,-0.126133,20,620
1040,357196,De Vere Devonport House,51.480672,-0.0071375,18,1130
1041,358326,K K Hotel Maria Theresia,48.2031622,16.3561999,20,564
1042,358890,Small Luxury Hotel Altstadt Vienna,48.2047761,16.3512515,20,173
1043,359063,Der Wilhelmshof,48.2185837,16.3881339,20,254
1044,359317,Park Plaza Vondelpark Amsterdam,52.3542655,4.8664365,9,593
1045,359910,Hotel Bagu s,41.3827894,2.1715636000000003,8,119
1046,360029,Hotel 1898,41.38346729999999,2.1712016,12,432
1047,360461,Hotel Serhs Rivoli Rambla,41.3843222,2.1712893,20,357
1048,360818,Eurostars Ramblas,41.3780983,2.1762005,20,372
1049,361190,Hilton London Wembley,51.5576962,-0.2835263,16,2227
1050,363417,Corus Hotel Hyde Park,51.5119446,-0.17993900000000002,12,1114
1051,364531,London Elizabeth Hotel,51.5120219,-0.1762414,15,236
1052,364767,Lancaster London,51.5119446,-0.17993900000000002,12,651
1053,365418,Hotel Daniel Vienna,,,-,245
1054,365663,Eurostars Embassy,48.1964001,16.3958668,15,154
1055,365817,BEST WESTERN PLUS Amedia Wien,48.1923791,16.399451199999998,20,419
1056,366236,Mercure Grand Hotel Biedermeier Wien,48.2038688,16.3887039,18,159
1057,366395,Hotel Rathaus Wein Design,48.2075294,16.3525967,20,338
1058,366733,NH Collection Milano President,45.4630685,9.1979367,20,673
1059,367406,Hotel Dieci,45.4738012,9.223970199999998,20,50
1060,367456,Royal Ramblas,41.3842838,2.1707092,20,722
1061,368178,Best Western Blue Tower Hotel,52.3793659,4.8457179,11,845
1062,369023,Hampshire Hotel Amsterdam American,52.363889,4.881302,20,1242
1063,370265,Ilunion Bel Art,41.4101934,2.1695574,20,50
1064,370315,25hours Hotel beim MuseumsQuartier,48.2064745,16.3546297,20,689
1065,371004,Hotel Topazz,48.210285,16.373579,20,160
1066,371164,Hampshire Hotel The Manor Amsterdam,52.3591467,4.926360099999999,16,458
1067,371622,Hotel Kavalier,48.1940487,16.2971831,14,307
1068,371929,Ofelias Hotel 4 Sup,41.3957584,2.1822402000000003,20,81
1069,372010,Vincci Maritimo,41.4082054,2.2124626,20,343
1070,372353,London Marriott Hotel County Hall,51.5016102,-0.1191545,20,233
1071,372586,The Level at Melia Barcelona Sky,41.406146,2.2008636000000004,20,22
1072,372608,Eurohotel Diagonal Port,41.4006708,2.2087844,9,52
1073,372660,Hotel Derby,41.3897735,2.1419762,20,75
1074,372735,Hotel Gran Derby Suites,41.3900104,2.1422396,20,75
1075,372810,Jumeirah Lowndes Hotel,51.4993652,-0.15766129999999998,12,184
1076,372994,Catalonia Magdalenes,41.3861283,2.1745291,20,311
1077,373305,Expo Hotel Barcelona,41.3792053,2.1427989,20,805
1078,374110,The Corner Hotel,41.3890578,2.1565948,20,103
1079,374213,Best Western Premier Hotel Dante,41.3894195,2.1564886000000003,20,199
1080,374412,Hotel Balmes,41.391062100000006,2.1593373,17,210
1081,374622,Alexandra Barcelona A DoubleTree by Hilton,41.3931918,2.16152,20,77
1082,374699,Alma Barcelona GL,41.3945074,2.1632659,20,179
1083,374878,Room Mate Carla,41.3962658,2.1662153,20,229
1084,375107,The Mandeville Hotel,51.5165165,-0.15097349999999998,19,846
1085,375953,Hallmark Hotel London Chigwell Prince Regent,51.6068054,0.059041599999999986,6,463
1086,376416,Upper Diagonal,41.39038,2.121,18,138
1087,376554,Falkensteiner Hotel Wien Margareten,48.1868107,16.3440157,20,167
1088,376721,Holiday Inn Vienna City,48.1935593,16.3616098,12,66
1089,376787,pentahotel Vienna,48.1899743,16.356700699999998,20,129
1090,376916,IntercityHotel Wien,48.1965878,16.3413729,20,410
1091,377326,Boutiquehotel Das Tyrol,48.2008957,16.3592496,19,139
1092,377465,NH Wien City,48.20028720000001,16.3547746,20,231
1093,377696,Hotel Corvinus,48.1990335,16.352505100000002,20,108
1094,377804,NH Collection Wien Zentrum,48.1979979,16.348331400000006,11,314
1095,378118,Aparthotel Mariano Cubi Barcelona,41.3982129,2.1494179,20,91
1096,378209,Hotel Arts Barcelona,41.3865424,2.1969665000000003,20,312
1097,378521,Leonardo Hotel Vienna,48.1945297,16.340327,20,728
1098,379249,JUFA Hotel Wien,48.1756283,16.4200957,13,431
1099,379680,Golden Tulip Amsterdam West,52.385601,4.8470597,3,1686
1100,381366,Eurostars Grand Marina Hotel GL,41.371308,2.181698,3,1082
1101,382448,Pakat Suites Hotel,48.19183,16.3770876,9,88
1102,382536,Guitart Grand Passage,41.3936071,2.1504611,20,133
1103,382669,Hotel Rekord,41.3985449,2.1438237,13,58
1104,382727,Catalonia Barcelona 505,41.4034965,2.1370426,20,130
1105,382857,Mercure Amsterdam Sloterdijk Station,52.3872884,4.8349748,20,856
1106,383713,DoubleTree by Hilton Hotel Amsterdam NDSM Wharf,52.4001813,4.8936652999999986,4,312
1107,384025,Hotel V Nesplein,52.3711037,4.8936787000000015,14,520
1108,384545,Fleming s Conference Hotel Wien,48.1995177,16.3388225,20,247
1109,384792,ARCOTEL Wimberger,48.2006001,16.3386333,20,149
1110,384941,Hotel Schild,48.251195,16.2989165,6,98
1111,385039,Acta CITY47,41.383515,2.1407396,20,381
1112,385420,De L Europe Amsterdam,52.3678779,4.8948936,11,137
1113,385557,NH Collection Amsterdam Doelen,52.3681919,4.8957609,10,316
1114,385873,Hotel Die Port van Cleve,52.374142600000006,4.8907741,16,336
1115,386209,INK Hotel Amsterdam MGallery by Sofitel,52.3754926,4.892987799999998,17,876
1116,387085,Inntel Hotels Amsterdam Centre,52.3760456,4.8943917,20,871
1117,387956,Apex City Of London Hotel,51.5104624,-0.0795502,20,1049
1118,389005,Mercure Hotel Amsterdam Centre Canal District,52.3611852,4.893634099999999,16,258
1119,389263,Onix Liceo,41.3780229,2.1730782000000004,17,240
1120,389503,Abba Sants,41.3825777,2.1400103,20,120
1121,389623,NH Sants Barcelona,41.384591,2.1378107,20,107
1122,389730,COMO Metropolitan London,51.5050355,-0.1500864,20,143
1123,389873,Aloft London Excel,51.5083719,0.035576800000000006,13,1126
1124,390999,Ham Yard Hotel,51.511174,-0.1349904,20,141
1125,391140,DoubleTree by Hilton Amsterdam Centraal Station,52.376752,4.904618,20,1254
1126,392394,Das Opernring Hotel,48.2026449,16.3671054,20,209
1127,392603,Exe Vienna,48.2149414,16.3365285,13,351
1128,392954,Mercure Hotel Amsterdam West,52.3375677,4.8178172,4,432
1129,393386,Luxury Suites Amsterdam,52.3702613,4.9032489,7,229
1130,393615,Sofitel Legend The Grand Amsterdam,52.370835,4.895403,9,195
1131,393810,Sir Adam Hotel,52.38403579999999,4.9028572,5,108
1132,393918,Hotel Grums Barcelona,41.3727844,2.1721134,20,265
1133,394183,Hotel Spa Villa Olimpica Suites,41.3971434,2.1921947,13,519
1134,394702,Sall s Hotel Pere IV,41.3969273,2.192267,13,509
1135,395211,Hampton by Hilton Amsterdam Centre East,52.3714428,4.9346331,13,362
1136,395573,Hotel Beethoven Wien,48.2000165,16.3641802,20,162
1137,395735,Roomz Vienna,,,-,49
1138,395784,Silken Concordia,41.3747873,2.1611846000000003,20,158
1139,395942,Grosvenor House A JW Marriott Hotel,51.5082019,-0.1545589,9,244
1140,396186,Hotel Am Parkring,48.2056333,16.377861499999998,20,431
1141,396617,Vienna Marriott Hotel,48.2050967,16.3770928,20,207
1142,396824,H10 Port Vell 4 Sup,41.3815625,2.1838458,20,359
1143,397183,Hotel Margot House,41.3918805,2.1660363,20,86
1144,397269,Condes de Barcelona,41.3935497,2.1627098,20,263
1145,397532,Monument Hotel,41.39390820000001,2.1622556,20,241
1146,397773,Occidental Atenea Mar Adults Only,41.40236210000001,2.2119049,10,483
1147,398256,Hotel Front Maritim,41.4037972,2.213767,12,136
1148,398392,AC Hotel Barcelona Forum a Marriott Lifestyle Hotel,41.4101306,2.2188047,20,289
1149,398681,Duquesa de Cardona,41.3798658,2.1805271,20,264
1150,398945,Hotel The Serras,41.3801815,2.180688,18,213
1151,399158,Eurostars Bcn Design,41.3907208,2.1660732000000005,20,272
1152,399430,Mandarin Oriental Barcelona,41.391393,2.1668467,20,77
1153,399507,Hotel Casa Fuster G L Monumento,41.3980162,2.1581229,20,225
1154,399732,Sixtytwo Hotel,41.3930168,2.1646148,20,233
1155,399965,Majestic Hotel Spa Barcelona GL,41.3935179,2.1639813,20,455
1156,400420,Royal Passeig de Gracia,41.3946775,2.1626380000000003,20,764
1157,401184,K K Hotel Picasso,41.3866227,2.1840722,15,434
1158,401618,AC Hotel Sants a Marriott Lifestyle Hotel,41.3775577,2.1384686,20,91
1159,401709,Hilton Diagonal Mar Barcelona,41.4084334,2.2178205,13,140
1160,401849,Hotel Palais Strudlhof,48.2217697,16.3578738,20,134
1161,401983,Renaissance Barcelona Hotel,,,-,33
1162,402016,Claris Hotel Spa GL,41.3944848,2.1651078,20,228
1163,402244,H10 Casa Mimosa 4 Sup,41.3962106,2.1621171,20,116
1164,402360,Catalonia Ramblas 4 Sup,41.3856387,2.1668274,20,890
1165,403250,Hotel Midmost,41.38561729999999,2.1659487,20,108
1166,403358,Arthotel ANA Westbahn,48.1979514,16.336318,20,67
1167,403425,The Rookery,51.52017100000001,-0.102463,20,261
1168,403686,Hotel Wandl,48.2097026,16.3703902,19,312
1169,403998,Hotel Sacher Wien,48.2038793,16.369808600000002,20,130
1170,404128,ME Milan Il Duca,45.4793852,9.1961308,20,142
1171,404270,Hotel Principe Di Savoia,45.479888,9.1962982,20,280
1172,404550,The Westin Palace,45.4790357,9.199028,20,178
1173,404728,Glam Milano,45.4838504,9.2034067,20,1335
1174,406063,Excelsior Hotel Gallia Luxury Collection Hotel,45.4857027,9.2020127,20,310
1175,406373,Rosa Grand Milano Starhotels Collezione,45.4638223,9.1940273,20,736
1176,407109,TownHouse 12,45.4844028,9.1673528,20,64
1177,407173,Hotel Mozart,45.4834133,9.1666361,19,512
1178,407685,Hotel Dei Cavalieri,45.4608547,9.1886179,20,607
1179,408292,Best Western Plus Hotel Galles,45.4805847,9.2117326,20,613
1180,408905,Starhotels Anderson,45.4852549,9.206950099999998,20,490
1181,409395,Hotel Michelangelo,45.4845143,9.205753199999998,20,629
1182,410024,Hotel Mercure Milano Centro,45.4747809,9.2059385,17,78
1183,410102,NYX Milan,45.4868745,9.2018406,20,180
1184,410282,The Yard Milano,45.453152,9.179172,20,181
1185,410463,Hotel Sunflower,45.498503,9.1664111,10,51
1186,410514,Sheraton Grand London Park Lane,51.5092876,-0.13700620000000002,20,115
1187,410629,M venpick Hotel Amsterdam City Centre,52.3781016,4.9142508000000005,3,520
1188,411149,Silken Ramblas,41.3830117,2.1700699,10,400
1189,411549,Duquesa Suites Barcelona,41.3810421,2.1814294,20,281
1190,411830,Hotel SB Diagonal Zero Barcelona 4 Sup,41.4111652,2.2192012,20,846
1191,412676,Hotel DO Pla a Reial G L ,41.3799929,2.1748256,11,101
1192,412777,W Barcelona,41.368437,2.1901534,4,575
1193,413352,H10 Urquinaona Plaza,41.3892128,2.1726015,20,488
1194,413840,Hotel du Louvre in the Unbound Collection by Hyatt,48.86397879999999,2.3352615,20,286
1195,414126,W Paris Op ra,48.8719697,2.3316014,20,40
1196,414166,Hotel Miramar Barcelona GL,41.37030410000001,2.17141,11,229
1197,414395,Olivia Plaza Hotel,41.3861459,2.1711594,20,773
1198,415168,Catalonia Barcelona Plaza,41.3750293,2.1491172,20,932
1199,416100,Barcel Sants,41.3798964,2.1412433,20,836
1200,416936,London Marriott Maida Vale,51.5357597,-0.1902591,20,451
1201,417387,The Langham London,51.517876,-0.14406470000000002,20,559
1202,417946,The Ned,51.5135929,-0.0907833,20,257
1203,418203,Sofitel Vienna Stephansdom,48.212857,16.37986,20,176
1204,418379,Grand Hotel Amr th Amsterdam,52.3744149,4.9041443,11,530
1205,418909,art otel Amsterdam,52.377743,4.897057,20,790
1206,419699,NH Collection Amsterdam Barbizon Palace,52.3764175,4.9002200999999985,20,792
1207,420491,Pulitzer Amsterdam,52.37283529999999,4.883326,3,300
1208,420791,Dikker en Thijs Fenice Hotel,52.364971,4.883982700000002,18,543
1209,421334,Andaz Amsterdam Prinsengracht A Hyatt Hotel,52.3678368,4.8830788,8,214
1210,421548,Hotel Seven One Seven,52.36480770000001,4.8853962,11,17
1211,421565,citizenM Amsterdam,52.3419432,4.8759604,19,1178
1212,422743,InterContinental Amstel Amsterdam,52.3600068,4.9051643,7,34
1213,422777,Attica 21 Barcelona Mar,41.4052324,2.2117289,19,168
1214,422945,Hotel America Barcelona,41.3919083,2.1573318,19,54
1215,422999,Golden Tulip Amsterdam Riverside,52.3154533,4.996299700000002,3,506
1216,423505,Catalonia Park Putxet,41.4072812,2.1443116,20,442
1217,423947,Hotel Murmuri Barcelona,41.3941625,2.1597836,20,90
1218,424037,NH Collection Barcelona Gran Hotel Calder n,41.3894654,2.1662651000000004,20,189
1219,424226,H10 Metropolitan 4 Sup,41.3875467,2.1673975,20,514
1220,424740,HCC Regente,41.3922919,2.1622256,19,72
1221,424812,Barcel Raval,41.3790126,2.1696339,10,552
1222,425364,Le M ridien Barcelona,41.3837453,2.171014,15,118
1223,425482,Ilunion Barcelona,41.3989322,2.2024183,14,620
1224,426102,Austria Trend Hotel Rathauspark Wien,48.2133054,16.3567884,19,330
1225,426432,Hotel Landhaus Fuhrgassl Huber,48.2508693,16.304957,6,71
1226,426503,Hotel Parco di Sch nbrunn Vienna,48.1776236,16.324358800000002,20,59
1227,426562,Catalonia Born,41.389691600000006,2.1798661,20,439
1228,427001,NH Amsterdam Caransa,52.3664077,4.8969090999999985,12,256
1229,427257,NH Amsterdam Schiller,52.3657092,4.8966912,12,485
1230,427742,Royal Amsterdam Hotel,52.3657281,4.8972883000000005,12,162
1231,427904,Lindner Hotel Am Belvedere,48.1955998,16.3826989,20,84
1232,427988,NH Wien Belvedere,48.1954348,16.383429,18,199
1233,428187,Austria Trend Hotel Savoyen Vienna,48.19504439999999,16.3844751,13,713
1234,428900,Austria Trend Hotel Doppio Wien,48.1854312,16.404884,11,339
1235,429239,K West Hotel Spa,51.5013149,-0.2174459,19,762
1236,430001,Appartement Hotel an der Riemergasse,48.2071576,16.3765913,20,225
1237,430226,Saint SHERMIN bed breakfast champagne,48.1978409,16.367086999999998,20,164
1238,430390,The Wittmore Adults Only,41.380939,2.1796095,17,85
1239,430475,Le Meridien Vienna,48.20272960000001,16.3661211,20,508
1240,430983,The College Hotel,52.3527675,4.88373,5,153
1241,431136,Hotel Roemer Amsterdam,52.36175770000001,4.8780052000000005,20,268
1242,431404,Hotel mbit Barcelona,41.3907821,2.1717426,20,316
1243,431720,Catalonia Eixample 1864,41.393599,2.1684151000000003,20,428
1244,432148,Negresco Princess 4 Sup,41.39051660000001,2.1725642999999994,20,520
1245,432668,Petit Palace Barcelona,41.3909816,2.1714938,20,160
1246,432828,Roger de Ll ria,41.3910786,2.1717285,20,128
1247,432956,Hotel Garbi Millenni,41.3759896,2.167148,20,80
1248,433036,Vincci Gala,41.3895263,2.1747136,20,167
1249,433203,Catalonia Square 4 Sup,41.3885658,2.1712991,20,437
1250,433640,H10 Universitat,41.3869565,2.1665338,20,280
1251,433920,Hotel Regina,48.2163343,16.359553599999998,20,934
1252,434204,Bcn Urban Hotels Gran Rosellon,41.4226648,2.1464261,20,398
1253,434602,Gallery Hotel,41.39492420000001,2.1593099,20,232
1254,434834,Hotel Omm,41.3962468,2.1609551,20,133
1255,434967,Ayre Hotel Rosell n,41.4047382,2.1727127,18,519
1256,435486,Evenia Rossello,41.3920254,2.1554675,20,87
1257,435573,Hotel Imlauer Wien,48.2176776,16.3821364,20,156
1258,435729,Hotel Nestroy Wien,48.21783320000001,16.3821636,20,95
1259,435824,Hotel Lam e,48.2102677,16.3741269,20,171
1260,435995,Crowne Plaza London Docklands,51.5083537,0.0198855,13,1579
1261,437574,K K Palais Hotel,48.21380960000001,16.3714293,20,228
1262,437802,Radisson Blu Hotel Amsterdam,52.3702469,4.8966743,6,1177
1263,438979,Catalonia Rigoletto,41.385817,2.1256789,20,277
1264,439256,Hotel Neri,41.3832498,2.1753483,7,76
1265,439332,Capri by Fraser Barcelona,41.39762329999999,2.188975,18,518
1266,439850,Hotel Espa a Ramblas,41.3799209,2.1728181,13,670
1267,440520,Abba Garden,41.3854716,2.1018835,13,125
1268,440645,Zenit Barcelona,41.3949199,2.1468594,20,79
1269,440724,Hyatt Regency Amsterdam,52.3617751,4.9118187,11,67
1270,440791,Austria Trend Hotel Schloss Wilhelminenberg Wien,,,-,194
1271,440985,Copthorne Tara Hotel London Kensington,51.499046,-0.1917073,12,3578
1272,444563,Courtyard by Marriott Vienna Schoenbrunn,48.184732,16.3211959,9,94
1273,444657,Arthotel ANA Prime,48.19255820000001,16.3576071,19,307
1274,444964,Fletcher Hotel Amsterdam,52.2924567,4.9444338,0,595
1275,445559,Austria Trend Hotel Park Royal Palace Vienna,48.191339,16.316587300000002,9,440
1276,445999,Falkensteiner Hotel Wien Zentrum Schottenfeld,48.2048494,16.343618,20,95
1277,446094,Hilton Vienna Plaza,48.2155236,16.3646858,20,290
1278,446384,Palais Hansen Kempinski Vienna,48.2163149,16.3685103,20,196
1279,446580,Hotel de France Wien,48.21466229999999,16.3627994,20,956
1280,447536,Grand Ferdinand Vienna Your Hotel In The City Center,48.2022415,16.374933600000002,20,477
1281,448013,Hotel Am Schubertring,48.2017277,16.375463,20,285
1282,448298,The Ritz Carlton Vienna,48.20227420000001,16.3762615,20,120
1283,448418,Hotel K nig von Ungarn,48.2082215,16.3751842,20,268
1284,448686,Hotel Domizil,48.2080479,16.375612,20,225
1285,448911,Hotel Capricorno,48.21115220000001,16.3788631,20,511
1286,449422,Hotel Advance,,,-,28
1287,449450,Derag Livinghotel Kaiser Franz Joseph Vienna,,,-,147
1288,449597,Room Mate Giulia,45.46513710000001,9.1895249,20,521
1289,450118,Simm s Hotel,48.1790835,16.4116997,20,92
1290,450210,Hotel Esther a,52.3705447,4.888643900000001,14,1837
1291,452047,Hotel Royal,48.2078727,16.3724042,18,149
1292,452196,Sloane Square Hotel,51.4927325,-0.15737079999999998,20,462
1293,452658,Best Western Plus Hotel Blue Square,52.3786823,4.8207833,11,594
1294,453252,Austria Trend Hotel Ananas Wien,48.19154010000001,16.3546263,20,546
1295,453798,Hotel Zeitgeist Vienna Hauptbahnhof,48.1829645,16.377670900000002,20,100
1296,453898,AZIMUT Hotel Vienna,48.1834787,16.376276500000003,20,166
1297,454064,Hilton London Canary Wharf,51.5007324,-0.01655,20,1541
1298,455605,Grange Holborn Hotel,51.519616,-0.1218432,20,361
1299,455966,WestCord Art Hotel Amsterdam 4 stars,52.3924898,4.8683822,4,467
1300,456433,W Amsterdam,52.3727871,4.8900059,12,214
1301,456647,NH City Centre Amsterdam,52.3697554,4.8887815,11,778
1302,457425,The Stafford London,51.505908700000006,-0.14037950000000002,13,200
1303,457625,The Tower A Guoman Hotel,51.5064721,-0.0716893,10,1828
1304,459453,Ramada Apollo Amsterdam Centre,52.3681299,4.8440847,4,1704
1305,461157,Amsterdam Marriott Hotel,52.362514,4.8800077,20,389
1306,461546,Park Hotel,52.3613814,4.8832594,20,636
1307,462182,NH Amsterdam Centre,52.3630682,4.879445099999999,20,395
1308,462577,DO CO Hotel Vienna,48.2082385,16.3715725,16,154
1309,462731,Hotel Am Stephansplatz,48.2087646,16.3721138,17,135
1310,462866,The Savoy,51.5111922,-0.1194006,20,540
1311,463406,The May Fair Hotel,51.5078943,-0.1436707,16,800
1312,464206,Best Western Hotel Pension Arenberg Wien Zentrum,48.2107358,16.382147,20,199
1313,464405,Hotel Stefanie,48.2142766,16.3801779,20,884
1314,465289,Hotel City Central,,,-,563
1315,465852,Amba Hotel Charing Cross,51.508236,-0.12619629999999998,20,785
1316,466637,Hotel Das Tigra,48.212177200000006,16.3680771,18,358
1317,466995,Holiday Inn London Brent Cross,51.5731061,-0.22333320000000004,15,433
1318,467428,Bermondsey Square Hotel A Bespoke Hotel,51.4991134,-0.0790969,20,399
1319,467827,Courtyard by Marriott Vienna Prater Messe,48.2130607,16.4133973,10,191
1320,468018,NH Barcelona Stadium,41.3812574,2.1269078,20,176
1321,468194,Imperial Riding School Renaissance Vienna Hotel,48.1966396,16.3863822,20,267
1322,468461,Aparthotel Adagio Vienna City,48.2110845,16.3838405,14,312
1323,468773,Mercure Barcelona Condor,41.3999934,2.1452467,19,46
1324,468819,H10 Cubik 4 Sup,41.388024,2.1731556,20,382
1325,469201,Sunotel Club Central,41.38793,2.1568061000000003,20,401
1326,469602,Conservatorium Hotel,52.358631,4.8786236,18,138
1327,469740,NH Amsterdam Zuid,52.3266672,4.880088400000001,8,229
1328,469969,Hotel Tocq,45.4828787,9.186346,16,34
1329,470003,The Square Milano Duomo,45.4608604,9.1890215,20,899
1330,470902,Mandarin Oriental Milan,45.46947720000001,9.1909325,10,34
1331,470936,Art Hotel Navigli,45.4501306,9.1696481,16,366
1332,471302,Hotel Balmoral,41.3961294,2.1551626,19,140
1333,471442,Brunelleschi Hotel,45.461177,9.191047,20,544
1334,471986,Camperio House Suites Apartments,45.466598,9.183064,20,151
1335,472137,TownHouse 33,45.4693349,9.2142383,20,59
1336,472196,Hotel Regina,45.459485,9.179511,20,934
1337,472256,Hotel Capitol Milano,45.4661781,9.1588367,20,66
1338,472322,Hotel Clerici,45.4667717,9.1871001,20,111
1339,472433,UNA Hotel Cusani,45.4684251,9.1834161,20,264
1340,472697,Hotel Pierre Milano,45.4595203,9.1770004,16,67
1341,472764,MiHotel,45.4405621,9.1921165,7,22
1342,472786,Hotel Milano Scala,45.4689376,9.1868891,20,263
1343,473049,IH Hotels Milano Gioia,45.49952,9.206138,6,423
1344,473472,Style Hotel,45.4708973,9.1840992,20,70
1345,473542,Andreola Central Hotel,45.4836517,9.2078581,20,200
1346,473742,Hotel Bristol,45.4845769,9.2065256,20,73
1347,473815,Admiral Hotel,45.480515,9.160063,17,26
1348,473841,UNA Hotel Century,45.48413710000001,9.2001623,20,385
1349,474226,Hotel Marconi,45.4868744,9.2018407,20,256
1350,474482,Hotel Cavour,45.47269420000001,9.1943911,20,400
1351,474882,Best Western Plus Hotel Felice Casati,45.4787357,9.2041131,16,302
1352,475184,Nu Hotel,45.4911829,9.2393614,17,115
1353,475299,Hotel Magna Pars Small Luxury Hotels of the World,45.4524879,9.1669784,18,83
1354,475382,Mercure Milano Regency,45.48976879999999,9.1549451,20,27
1355,475409,Hotel Auriga,45.485887700000006,9.204282699999998,20,258
1356,475667,Hotel Portello Gruppo Minihotel,45.4802503,9.1494925,18,71
1357,475738,Idea Hotel Milano San Siro,45.4720654,9.0777871,7,467
1358,476205,Windsor Hotel Milano,45.47945870000001,9.1951427,20,435
1359,476640,Four Points Sheraton Milan Center,45.4851889,9.198015,20,136
1360,476776,Four Seasons Hotel Milano,45.469339,9.195108,18,44
1361,476820,IH Hotels Milano Watt 13,45.443791,9.152947,11,186
1362,477006,LaGare Hotel Milano Centrale MGallery by Sofitel,45.484237,9.198858,20,499
1363,477505,Barcel Milan,45.51152,9.1241306,12,233
1364,477738,UNA Hotel Scandinavia,45.48599829999999,9.1637603,20,68
1365,477806,Acca Palace,45.5099969,9.1739942,8,209
1366,478015,Sina De La Ville,45.465957,9.192297,16,273
1367,478288,UNA Hotel Mediterraneo,45.451873,9.20548,20,73
1368,478361,Hotel La Spezia Gruppo MiniHotel,45.4408963,9.1728003,16,33
1369,478394,Exe Laietana Palace,41.38335410000001,2.1794038,16,424
1370,478818,Grand Hotel Central,41.3849695,2.1776631,11,298
1371,479116,Ilunion Almirante,41.3860521,2.176157,9,264
1372,479380,Ohla Barcelona,41.3870479,2.1743360000000003,20,367
1373,479747,Barcelona Hotel Colonial,41.3822909,2.1807447,20,54
1374,479801,NH Milano Machiavelli,45.4776167,9.2016244,20,180
1375,479981,Hotel Sanpi Milano,45.4777623,9.203169,19,153
1376,480134,Best Western Hotel Ascot,45.4580137,9.1913676,20,236
1377,480370,Ca Bianca Hotel Corte Del Naviglio,45.443502,9.1377081,18,81
1378,480451,IH Hotels Milano Lorenteggio,45.4436132,9.1161094,15,163
1379,480614,Hilton Garden Inn Milan North,45.5161671,9.2272778,17,440
1380,481054,DoubleTree By Hilton Milan,45.5005657,9.1383663,20,41
1381,481095,Hilton Milan,45.4862032,9.200322,20,233
1382,481328,Hotel Wagner,45.4684949,9.1550355,20,10
1383,481338,Hotel Boutique Duomo,45.49095850000001,9.1614268,20,62
1384,481400,Hotel Manin,45.47398010000001,9.1960671,17,224
1385,481624,Grand Hotel et de Milan,45.4699058,9.1925024,16,78
1386,481702,Armani Hotel Milano,45.470532,9.19302,16,156
1387,481858,Meli Milano,45.4792738,9.1459546,20,107
1388,481965,Hotel Mediolanum,45.4813423,9.2039494,20,120
1389,482085,UNA Maison Milano,45.4633289,9.1884242,20,320
1390,482405,Novotel Milano Linate Aeroporto,45.4481878,9.2570459,12,189
1391,482594,Hotel Carrobbio,45.4606597,9.1810947,20,131
1392,482725,NH Milano Grand Hotel Verdi,45.48149229999999,9.192023,20,177
1393,482902,Crowne Plaza Milan City,45.4896727,9.2006406,20,157
1394,483059,Leonardo Hotel Milan City Center,45.482442,9.1756982,13,135
1395,483194,Petit Palais Hotel De Charme,45.4559784,9.1871812,12,69
1396,483263,Mokinba Hotels Montebianco,45.4788051,9.1446276,20,49
1397,483312,Hotel Mentana,45.4622972,9.1814695,14,139
1398,483451,Atahotel Contessa Jolanda,45.4984161,9.1904375,17,119
1399,483570,Hotel Berna,45.4826692,9.2034371,20,1052
1400,484622,Best Western Atlantic Hotel,45.4830211,9.2033246,20,306
1401,484928,LHP Hotel Napoleon,45.4802415,9.213191900000002,20,81
1402,485009,Ibis Styles Milano Palmanova,45.5045259,9.246461,20,12
1403,485021,Mokinba Hotels Baviera,45.47828079999999,9.1997755,20,139
1404,485160,Hotel Vittoria,45.463135,9.2102,17,88
1405,485248,Starhotels Business Palace,45.43784,9.230901,8,504
1406,485752,Hotel Mercure Milano Solari,45.4565757,9.1684824,20,80
1407,485832,ADI Hotel Poliziano Fiera,45.4837173,9.1649371,20,107
1408,485939,Bulgari Hotel Milano,45.4701334,9.1897405,14,17
1409,485956,Best Western Madison Hotel,45.4881471,9.2016609,20,376
1410,486332,The Hub Hotel,45.51385820000001,9.1194759,4,78
1411,486410,Hotel Silver,45.4589731,9.0687506,0,26
1412,486436,Colombia,45.4829817,9.2041911,20,150
1413,486586,Antares Hotel Rubens,45.4670579,9.1427822,17,113
1414,486699,STRAF a Member of Design Hotels ,45.465237,9.191247,20,246
1415,486945,Sina The Gray,45.4655368,9.1914986,20,93
1416,487038,Antica Locanda Dei Mercanti,45.467298,9.1846982,20,82
1417,487120,Palazzo Segreti,45.4672309,9.184154,20,68
1418,487188,Hotel Santa Marta Suites,45.4630441,9.183607,20,177
1419,487365,TH Street Duomo,45.4657568,9.1916674,20,33
1420,487398,Uptown Palace,45.45746550000001,9.1919138,20,448
1421,487846,Hotel Manzoni,45.470238,9.195347,18,206
1422,488052,Senato Hotel Milano,45.4714062,9.1965303,16,204
1423,488256,Baglioni Hotel Carlton The Leading Hotels of the World,45.4691663,9.1984454,14,153
1424,488409,Hotel Da Vinci,45.53313720000001,9.1711019,5,1877
1425,490286,TownHouse Duomo,45.46488220000001,9.1893265,20,68
1426,490354,TownHouse Galleria,45.4657842,9.1895321,20,153
1427,490507,Hotel Spadari Al Duomo,45.463579,9.1869092,20,243
1428,490750,Starhotels Ritz,45.4779041,9.2094965,20,653
1429,491403,Ramada Plaza Milano,45.501946,9.2277569,7,346
1430,491749,NH Milano Touring,45.4769167,9.196665,20,646
1431,492395,AC Hotel Milano a Marriott Lifestyle Hotel,45.4851799,9.1831189,20,72
1432,492467,Hotel Tiziano Park Vita Parcour Gruppo MiniHotels,45.4709657,9.1566242,13,61
1433,492528,Park Hyatt Milano,45.4654912,9.1889612,20,115
1434,492643,Nhow Milan,45.4510425,9.1606536,16,198
1435,492841,Holiday Inn Milan Garibaldi Station,45.488764,9.183057000000002,20,49
1436,492890,Milan Suite Hotel,45.5000245,9.1428722,20,137
1437,493027,Klima Hotel Milano Fiere,45.5147974,9.116606,3,109
1438,493136,Radisson Blu Hotel Milan,45.500667,9.1445874,20,223
1439,493359,Milan Marriott Hotel,45.4611287,9.1542675,16,74
1440,493433,ADI Doria Grand Hotel,45.4853717,9.2115837,20,147
1441,493580,Starhotels Echo,45.4847398,9.2072916,20,593
1442,494173,Bianca Maria Palace Hotel,45.4635445,9.2068649,20,520
1443,494693,Hotel D Este,45.4510397,9.1920911,17,98
1444,494791,Hotel Liberty,45.45086729999999,9.1948659,18,65
1445,494856,Best Western Hotel Mirage,45.4947129,9.1418864,20,83
1446,494939,Hotel Raffaello,45.494861,9.141551,20,81
1447,495020,Antares Hotel Accademia,45.4921089,9.1476806,20,30
1448,495050,Starhotels Tourist,45.5266395,9.2131549,15,232
1449,495282,Grand Visconti Palace,45.4471408,9.2070051,20,188
1450,495470,Best Western Hotel Major,45.4472099,9.209096699999998,20,73
1451,495543,Hotel Lombardia,45.4872511,9.2237385,20,55
1452,495598,NH Milano Palazzo Moscova,45.480968,9.189977,20,109
1453,495707,Best Western Antares Hotel Concorde,45.502453,9.2218364,8,119
1454,495826,Atahotel Linea Uno,45.50054,9.220808900000002,6,119
1455,495945,Best Western Hotel Astoria,45.4725167,9.1439198,20,37
1456,495982,Sheraton Diana Majestic,45.4736557,9.2066824,20,83
1457,496065,Hotel degli Arcimboldi,45.5257221,9.2150033,11,1118
1458,497183,Novotel Milano Nord Ca Granda,45.50650200000001,9.1965192,20,59
1459,497242,Best Western Hotel St George,45.4770906,9.2054208,20,273
1460,497515,NH Carlton Amsterdam,52.3663727,4.893050499999998,11,1110
1461,498625,Albus Hotel Amsterdam City Centre,52.365823,4.893243,10,194
1462,498819,Hotel Vilamar ,41.3766732,2.1524478,20,173
1463,498992,Vilana Hotel,41.4047934,2.1288527000000004,14,62
1464,499054,Acevi Villarroel,41.3853781,2.1567228,20,352
1465,499406,Hotel Arkadenhof,48.2307014,16.3552189,20,28
1466,499434,Hotel Vondel Amsterdam,52.3625662,4.8779225,20,522
1467,499956,Hotel Pension Baron am Schottentor,,,-,223
1468,500179,Hotel Atlanta,,,-,389
1469,500568,Park Inn by Radisson Uno City Vienna,48.2340799,16.421009299999998,7,361
1470,500929,NH Danube City,48.2353789,16.4219737,11,224
1471,501153,Strandhotel Alte Donau,48.23900220000001,16.4292329,15,41
1472,501194,ARCOTEL Kaiserwasser Superior,48.231915,16.417026,19,143
1473,501337,Mercure Hotel Raphael Wien,48.19192879999999,16.339139499999998,20,151
1474,501488,Arthotel ANA Boutique Six,48.19419050000001,16.3462578,10,390
1475,501878,Austria Trend Hotel Anatol Wien,48.1945774,16.346356,10,150
1476,502028,Hotel Kaiserin Elisabeth,48.2072348,16.372238,17,388
1477,502416,Boutique Hotel Notting Hill,52.3583821,4.8988777,10,657
1478,503073,Crowne Plaza London Ealing,51.5403942,-0.3697581,8,413
1479,503486,Good Hotel London,51.5084195,0.0253216,15,541
1480,504027,Park Plaza Westminster Bridge London,51.5009609,-0.1165913,20,4169
1481,508196,Hotel du Vin Cannizaro House Wimbledon,51.42424129999999,-0.2293503,0,289
1482,508485,Amsterdam Canal Residence,52.3594783,4.895853,19,67
1483,508552,Thistle Trafalgar Square The Royal Trafalgar,51.509133,-0.130189,20,467
1484,509019,Corinthia Hotel London,51.5045583,-0.1262584,20,213
1485,509232,The Student Hotel Amsterdam City,52.3546649,4.9131641,5,1576
1486,510808,Hotel Prinz Eugen,48.1877258,16.3781454,20,511
1487,511319,Hotel Erzherzog Rainer,48.1953229,16.367288199999994,19,601
1488,511920,Das Triest Hotel,48.1974036,16.3673003,20,42
1489,511962,Suite Hotel 900 m zur Oper,48.1935235,16.3669145,17,439
1490,512401,Hotel Amadeus,48.2104468,16.371578099999994,16,144
1491,512545,The Berkeley,51.5020912,-0.15777950000000002,19,100
1492,512645,Holiday Inn London Kensington,51.499981,-0.19287910000000005,-,2768
1493,515413,Atlantis Hotel Vienna,48.2037451,16.3356767,-,325
